tweet_bersih,label_sentimen,label_prediksi
astaga sekolah offline,-1,negatif
sekolah offline bosan sekolah offline saya bosan,-1,negatif
sekolah offline semangat jojooo,1,positif
unty hai yuk sekolah offline kayak semangat ajar sekolah pikir pikir,1,positif
sch hai teman teman sender ptm kali sekolah alias masuk takut percaya semangat offline daring,-1,positif
adik sekolah offline kakak tahan meja ajar suap kucing,0,positif
sekolah offline daring,0,netral
sekolah offline papay guyss,-1,negatif
pagi sekolah offline daring,0,netral
sch wtp sender sekolah offline semangat daring offline,1,positif
offline sekolah orang heboh rumah sekolah,1,positif
saya sekolah offline bawa malas waka mentwit i think im oke,-1,negatif
sekolah offline,0,netral
sekolah offline tidur jam,0,netral
adik sekolah offline sarapannyaa jam seginiii,1,positif
pagi moots cung sekolah offline,1,positif
sekolah offline,0,netral
sekolah daring offline nin,0,netral
wahhhh sekolah offline daring ai,0,netral
rumah adik jadwal sekolah offline wkwk,1,positif
saya sekolah offline,1,positif
sebal banget dahhh pagi sekolah offline eh hujan motor oi masuk angin,1,positif
sekolah offline saya tidur,-1,positif
pagi moots sekolah daring offline offline,1,netral
hsjahskah sekolah offline rasa banget selesainyaa stres saya,-1,negatif
hai bestie saya sekolah offline,1,positif
saya bolos sekolah offline anjing,-1,negatif
sekolah offline daring,0,netral
ptm kadang malas bangun pagipagi biasa daring masuk jam pas offline set berangkat sekolah badan tempel kasur,-1,negatif
sekolah offline,0,netral
sekolah neng daring saya tangkap serius kerja seru offline,0,netral
lowong kerja kolong meja offline isi buku pinjeman pus sekolah bawa buku catat,1,positif
anjing besok sekolah offline aduh,-1,negatif
kangen sekolah offline,1,positif
langit kah engkau turun hujan petir besok malas sekolah offline,-1,negatif
schapp sch besok sekolah offline takut teman teman kelas nge circle,-1,negatif
cantik kali pundipundi uang sok terima kasih pandemi saya ngoleksi skinker andai saya lulus sekolah offline muka hideung dekil gakaruan uang pindah haluan nasi warung tegal skinker aga sesal saya duit utuh gadubeli,0,netral
sekolah pulang alias gapengen sekolah offline,-1,negatif
tahu lomba offline sekolah lomba daring serti kayak lomba offline tingkat nasional diadain universitas indonesia pakai correct me if i am wrong,0,netral
besok pagi masuk sekolah offline sekaranh tidur,0,positif
sekolah offline,0,netral
besok sekolah offline gilir genapppp,1,positif
iyaah aman xd wkwk hayo biasa biasa bangun jam sekolahkuliah offline,1,positif
menang kayak pas normal offline sekolah bangtan comeback po album fullpay gara gara sibuk rl rasa banget rilis arrived ina santai kayak banget,0,netral
sok tomorrow finally offline school i do not know to react umum days ago saya cari alat sekolah gaktau ada sekolah,0,netral
semenjak sekolah offline stres,-1,negatif
pikir kayak banget bilang handphone teross pegang handphone sekolah kayak iya sekolah offline pagi sore diam seko pegang handphone malemnya pegang handphone,1,positif
sekolah offline tidur,0,netral
besok sekolah offline,1,positif
sekolah offline full kelas rumah teman senang banget having fun bestie avv,1,positif
sekolah offline eh kayak saya doang,-1,negatif
orangorang benci sekolah offline keluh pribadi pikir normal,1,positif
lebih baik biasa sekolah daring kayak doa moga p word panjang ayo sekolah offline sila nama home schooling,1,positif
sekolah offline kayak mentally unstable,-1,negatif
adik saya cari tas sekolah besok offline,0,netral
masuk lihat kknya sekolah tk ikut ku masuk didik anak usia offline bunda,1,positif
besok sekolah offline tugas video masak,1,positif
efek antuk ayo kawan tidur malam malam gutnait tidur besok sekolah offline saya vi,1,positif
kak kayak abang daring abang offline kayak sekolah iya,0,netral
gek adaptasi sekolah daring offline aduh,-1,negatif
saya sekolah offline kelas ramai banget saya nimbrung obrol diam malu heboh pas kelas,0,positif
tugas saya sekolah offline heran deh,-1,negatif
malas banget besok sekolah offline,-1,negatif
sekaliii semangat jalan sekolah offline capek tambah x lipat sedih banget biasa kali wkwk offline paham materi,1,positif
aduh enak sekolah daring offline seperti malas banget mandi pagi sarap tidur tertawa,-1,negatif
stase anak obgyn ipd jaga pagi yuk yuk corona ilaaangg aktivitas kuliah sekolah normal vaksinasi anak coba kelas offline siswa iya kak sekolah daring bego,1,positif
jujur suka daring masuk materi suasana sekolah suka offline,0,netral
semenjak sekolah offline tidur bangun pagi capek banget,-1,negatif
tahun doang offline and lumayan an sayang duid anjirun biaya sekolah mahal saya beban,0,netral
saya takut besok pas masuk sekolah mata bengkak anjing sekolah offline guru mata habis nangisin cowok au bu binggung guru,-1,negatif
please tidur besok kali sekolah offline abad,0,positif
capek sekolah offline,-1,negatif
allah besok ulang bio offline daring offline erti sekolah ulang pakai handphone nasib ku gimaneee ajar bolsi kirim video jeongwoo jihoon belajarr,-1,netral
enak asli beli jual keliling jarang kadang sekolah offline pas pulang beli,1,positif
sekolah offline cocok manusia lupa untung teman kerja rumah mampoes,-1,negatif
sekolah offline kamu teman deobi kelas,0,netral
pas offline pakai tab sekolah pakai buka youtube rekreasi,0,netral
study progress tua oct hai hai maaf jarang banget up progress offline jadwal padat buka twitter sekolah ulhar bio sksk by the way chemistry and math for my tuesday rest well teman,-1,negatif
dengar gedung kosong dulunya sekolah offline siap basa basi,0,netral
suruh jam set malam suruh selesai besok besok masuk sekolah offline,0,positif
lal sekolah offline,0,netral
janlup istirahat yin sekolah campur kadang offline daring anw goodnite,0,netral
besok masuk sekolah offline malas,-1,negatif
by the way teman teman sekolah offline iya,1,positif
sesal saya masuk sekolah offline digibahin guru kantor,-1,negatif
besok sekolah offline,1,positif
saya bagi sekolah offline ulang,-1,negatif
hiiii kak chitaaaaa capek banget sekolah offline huhu,-1,negatif
au feeling blue saya gatauu lanjut kena writers blok cari jadi pas sekolah offline nyata au,1,positif
haloo junnie junnie besok minggu junnie pas offline sekolah tidaaaa junnie off junnie selesai pas maaf caratdeul semuaa oh iya pas pas junnie doa c,0,netral
sekolah offline capek iya,-1,negatif
besok sekolah offline,1,positif
study tour ada sekolah offline pas kelas kelas daring kelas ptm,1,positif
kelas sekolah offline daring suka sekolah offline daring,0,netral
offline capek banget saya sekolah badan jompo kagok,-1,negatif
sa daerah daring semester maret agustus offline pas daring web sekolahwa kasih file materi kadang kirim wa pakai zoomgmeetgcrdsb,1,positif
ihhb sekolah offline rena sakit daring rena sakit,-1,negatif
ren tukar yuk sekolah daring sekolah offline,-1,netral
apa sekolah offline,1,positif
sekolah offline sesi siang kali capek banget pusing,-1,negatif
sekolah daring offline,0,netral
alas utama saya sekolah offline disuruhsuruh benci anak cowok laku kayak raja anak cewek like a babu,1,positif
sekolah offline akksjksjsks sibuk banget,-1,negatif
walah sekolah offline,-1,positif
sekolah offline otak jalan,1,positif
makan pas sekolah offline tulis pakai aksara sunda,1,positif
jujur sekolah offline seru wlupun canggung ketemu seengganya saya rumah,1,positif
sekolah offline sekolah pilih kayak off off on on,-1,negatif
aaaaa lari besok sekolah offline,-1,positif
besok sekolah offline,1,positif
kadang sekolah offline rumah sepi pikir offline ongkos ojek,0,netral
buka yttiktokigtwitternonton filmmain game sekolah offline pakai kouta,1,netral
sekolah offline pilih jam kosong,1,positif
rindu lupa mana masuk sekolah offline seru seru papa bibi ku tinggal sakit jantung,1,positif
sekolah offline,0,netral
bawa kecuali pas sekolah offline larang bawa bekal,1,positif
bicara mama pas sekolah offline pulang sekolah mama sekolah teman teman mama suruh pindah sesi pagi bilangny entar lihat minggu,-1,positif
asyik sekolah offline,1,positif
suka sekolah offline daring,0,netral
banget pas pikir sekolah offline degan melulu,-1,negatif
unty istirahat ji capek habis sekolah offline,-1,negatif
sebentar sekolah offline musowoooowoowowwo,-1,negatif
oh my god rabu saya sekolah offline,1,positif
besok saya sekolah offline weh private class,1,positif
anjing mampus besok sekolah offline kaos kaki putih hilang mana,-1,negatif
kali sekolah offline kali,0,positif
sekolah offline,0,netral
anjing gah sekolah offline sesak ramangkat ah,-1,negatif
anjing sekolah offline guru ngelunjak kasih tugas,-1,negatif
fess senang banget sekolah offline jajan sekolah dasar,1,positif
sekolah offline,0,netral
schapp siswa kelas sekolah offline pulang sekolah antuk banget tidur ajar utbk kasih tips lawan kantuk fokus ajar for your information orang ajar malam fokus,1,positif
habis sekolah bersih bersih kelas awal november offline bakalll sibukkkk,-1,positif
sekolah offline,0,netral
sekolah daring offline jam pekan jam an,0,netral
suka sekolah offline daring,1,netral
anak twitter masuk sekolah offline pas pinjam hapus teman mjb nderkamu hapus teman satu nyaut mmf ikut nimbrung,1,positif
sch sekolah seleksi seleksi geografi ajar bimbel offline,0,netral
sekolah offline,0,netral
sch sekolah offline coba review sender belumjarang interaksi teman diam istirahat mata ajar paham guru oke seru pulang pulang rasa capekk,1,positif
serius bingung banget teman kelas senang daring bayang offline sekolah jam guru jarang kasih kerja rumah materi mudah erti daring tugas kejar deadline materi erti encok begadang aduh,1,positif
sekolah offline seru tugas,-1,negatif
tolong sekolah offline pergi dudnhzjs aefer my love,1,positif
ck besok sekolah offline,1,positif
lebih baik masuk ptmt situasi kondisi paham materi sekolah sekolah offline berani sungkan,-1,negatif
sepi moguuuu offline sekolah kerja,0,netral
sekolah offline,0,netral
iya semangatin orang beda sibuk anak sekolah offline uji semester,1,positif
jay tuspi scylla gemas banget banget banget pulang sekolah offline paket trade ksjshshjsgsgs,1,positif
foto orang stres habis sekolah offline bissmilah allah terima kasih kak sukses,-1,negatif
kilas informasi senin saya sekolah offline,1,positif
selesai daring habis siap besok sekolah offline,1,positif
iya bau bau daring tugas aneh full offline sekolah soreeeee,-1,negatif
internet offline solusi ajar jarak sekolah,1,positif
masuk teman giat biasa ah kangen sekolah offline normal saya alah,1,positif
cepat cepat sekolah offline jujur sekolah satu kabur suntuk rumah,1,positif
sekolah offline capek offline bego tiada tara,-1,negatif
sekolah offline buat capek offline bego,-1,negatif
sekolah offline seru capek,1,positif
vaksin mahasiswa sekolah offline anak sekolah dasar komedi,-1,positif
sekolah offline plissss huee,1,positif
semenjak covid saya kenal korea pop overthinkingan idol jarang baru doang saya pindah sekolah pas covid teman muka saya semenjak saya sekolah offline teman cowok,-1,negatif
jujur saya sekolah offline no prob makan rumah sekolah daring saya lapar melulu sksksk,1,positif
bayang anjing saya pagi kebelet berak sekolah offline,-1,negatif
saking dekat rumah bel dengar sekolah offline bel dengar senangnyaa pergi normal,1,positif
haloo maaf jarang jbjb sekolah offline huhu jbjb moots pulang sekolah,-1,negatif
rhmsoo haloo maaf jarang jbjb sekolah offline huhu jbjb moots pulang sekolah,-1,negatif
haloo maaf jarang jbjb sekolah offline huhu jbjb moots pulang sekolah,-1,negatif
haloo maaf jarang jbjb sekolah offline huhu jbjb moots pulang sekolah,-1,negatif
haloo maaf jarang jbjb sekolah offline huhu jbjb moots pulang sekolah,-1,negatif
haloo maaf jarang jbjb sekolah offline huhu jbjb moots pulang sekolah,-1,negatif
sekolah offline bawa uang jajan,0,netral
sekolah offline,0,netral
banget beli laptop min kebel butuh adik sekolah offline butuh laptop jurus bismillah,1,positif
hai sekolah offline daring,0,netral
bahagia me ngantarin gempur sekolah offline,1,positif
accord aktif unfollow jarang on sekolah offline,0,netral
zoom class mati kamera masuk sekolah offline langsung bentuk,-1,negatif
ayo mutualan priv kakak bolehh aktif aktif xnxknsks semenjak sekolah offline jarang buka akun huee,0,netral
sp udahhh sekolah offline cung,1,positif
capek tugas sekolah daring suruh offline takut ketemu orang,-1,negatif
bolos daring tahu ptm sekolah offline to,1,positif
sekolah offline,0,netral
sekolah offline kamu,1,netral
moga sekolah offline kayak capek banget,1,positif
unty sekolah offline kak,1,positif
kunci buku tematik tema kelas sekolah dasar wajib hak rumah halaman sekolah sekolah offline proses ajar rumah,1,positif
jujur anjing saya sangka lancar bicara kelas sekolah offline berani,-1,negatif
unty sekolah offline,1,positif
hai tabi pulangg sekolah offline offline daring,0,netral
lulujkt sr sekolah sekolah offline,-1,negatif
mjb ajar tatap muka sekolah offline,1,positif
halo teman selamat siangpada sekolah offline daring,0,netral
daring sekolah offline,0,netral
svt konser daring offline kaget banget pulang sekolah,0,netral
sekolah offline biasanta pulang jam berapaa,1,positif
kali sayang sekolah offline sukur kangen daring rumah lulus,1,positif
saya sekolah offline,1,positif
unty nugas niiak sekolah offline,1,positif
unty sekolah offline ji antuk bangun tidur,0,positif
gasabar rasa momen pulang sekolah pas sekolah offline,1,positif
suka sekolah offline capek sekolah daring,-1,negatif
gilir sekolah offline dibolehin sekolah hadu,1,positif
aaaa sekolah offline back normal,-1,negatif
sekolah offline daring,0,netral
seru xixi sekolah offline daring lupa makan hv a nice day,1,positif
pagi sekolah offline semangat sch,1,positif
offline sekolahkuliahnya,0,netral
kangen sekolah offline wkwk,1,positif
kakak mi luluss sekolah offline,0,netral
aaa hpbd sekolah offline,1,positif
besok sekolah offline malam saya sibuk tugas,-1,negatif
sekolah offline sebal,-1,negatif
izin rest deh ku aktif sekolah offline daring penuh tugas,0,netral
unty hai aji sekolah offline,1,positif
streamingnya lihat mana luang sekolah offline kamu kuliah weekday senggang yuk streaming,0,netral
pagi sekolah offline bestie,1,positif
sekolah offline anjing,-1,negatif
semangat na sekolah offline seru seru saya uji offline,1,positif
unty pagi aji absen sekolah offline,1,positif
iya offline school is keren but not uji offline sekolah,1,positif
hai makjii sekolah offline hjhi,1,positif
sticker keluar jumat orang luang besok pekan favorite keluar senin sekolah kuliah kerja offline make sense secepet sticker,0,netral
sekolah offline daring,0,netral
saya sekolah offline sender kalimat puas no no erti korea uji indonesia sekolah offline rajin streaming kayak,-1,negatif
senin deoann sekolah offline yeyyy,1,positif
sekolah offline tugas banget,-1,negatif
adik sekolah offline,1,positif
kerja offline suka sekolah tolong wwkwk,1,positif
sekolah offline,0,netral
rilis senin masa orang kerja sekolah kampus offline,1,positif
sekolah offline prnya anjing,-1,negatif
semangat sekolah offline melll mata ajar free,1,positif
saya sekolah offline anjing iya saya teriak kayak orang gila kelas dasar dejunnn,-1,negatif
sini jam sekolah offline,1,positif
aaaa saya sekolah offline ajar mtkkk guru galak,-1,negatif
coba berangkat deh nder latih sekolah offline berangkat,1,positif
sekolah pilih situ take responsibilities siswa offline sekolah,0,netral
sekolah offline daring,0,netral
schapp sekolah offline semangat trivia katak padang pasir juli tidur sisa,1,positif
hai sekolah sekolah offline daring,0,netral
pagi moots sekolah offline semangat,1,positif
tidur nyenyak oktober sekolah daring minggu offline okk too have a nice day too,1,positif
sekolah offline daring me offline,0,netral
hai sekolah offline offline daring,0,netral
neozen maaf singgung streaming papa banget paksa drikita sekolahkerja offline streaming sempat cont,-1,negatif
sekolah offline daring,0,netral
pagi moots sekolah daring offline,0,netral
kaum orang suka sekolah offline,-1,netral
rasa capek sekolah offline,-1,negatif
pas jaman sekolah offline kalah ganti pakai lagu susah kayak bintang level hard traktir seblak lagu aju nice woiii aaaa hdusishdoshwiwjwbs kalah,1,positif
sekolah offline,0,netral
mlyt offline sekolah,1,positif
suka sekolahkerja daring offline,0,netral
adekadek saya sekolah uang jajan saya rumah doang uang jajan huaaa kuliah offline,1,positif
sekolah offline ajar,1,positif
effort banget sekolah offline ajar jam kosong,1,positif
maksimal ajar bawa bekal makan sekolah jam bel masuk bingung pagi makan loyo iya oh iya offline doang sisa rumah ajar maksimal rumah kadang,-1,negatif
saya tim kontra offline semenjak saya tinggal mama saya kerja antar jemput saya sekolah ongkos sekolah ke ke pulang ke uang jajan saya ke doang bingung uang jajan,-1,negatif
iya pas chorusnya easy listening tagih ajak streaming teman non kpopers lagu enak rilis weekday sekolah offline luang streaming,0,netral
yeay bagus sekolah offline by the way have a great day kak tii semangat,1,positif
sch tolak orang kelas contek tugas pas sekolah offline aduh nantikn tahu,0,netral
moga sekolah offline saya lancar,1,positif
sekolah offline,0,netral
sekolah offline,0,netral
amethyst imel sekolah offline kak astaga kira imel,-1,negatif
ingin saya sekolah offline,1,positif
allah bosan sekolah offline,-1,negatif
sekolah offline,0,netral
pagi lang sibuk sekolah kuliah daring offline,0,netral
pagi sibuk kuliah sekolah offline daring,0,netral
sekolah offline,0,netral
sekolah offline is sucks,-1,negatif
adik masuk sekolah offline,1,positif
antuk banget sekolah offline pagi malam selese nugas jam,-1,negatif
sekolah offline enak teman,1,positif
saya survive sekolah offline minggu sore awokawok kayak minggu kali capek banget,-1,negatif
sekolah offline jadwal daring,0,netral
sekolah offline capek banget,-1,negatif
ada sekolah offline,0,netral
sekolah offline,0,netral
sekolah offline,0,netral
tanyarl kos yaynay sekolah offline,0,netral
asheljkt udahhmau sekolah offline kakak wkwkhave a nice day,1,positif
sekolah saya kena keren offline lumayan siksa anjing,-1,negatif
sekolah offline,0,netral
sekolah offline gaenk sesi adil daring soalny takut materine ulang ganti sesi materi,-1,negatif
offline sekolah ku acara daring,0,netral
walah sekolah offline semangat,1,positif
sekolah offline,0,netral
sch struggle ulang pakai kertas lembar pas sekolah offline,-1,negatif
aduh sekolah offline,-1,negatif
pagi ijaaa semangat sekolah offline daring,1,positif
kadang habis subuh tidur papah kerja jam an pas sekolah offline ydh deh jam bangun,-1,negatif
saya mandi jam sgitu sekolah offline dingin njrr,0,netral
pagi semuaa have a nice day semangat sekolah offline,1,positif
aduh sekolah offline,-1,negatif
sekolah offline jual rotidonat pagi teman jual laku beli sarap,0,netral
morninggg sekolah offline,1,positif
eh nderr sekolah offline doang,0,negatif
ingin sekolah offline v,1,positif
saya semangat sekolah offline,1,positif
wih kecee sekolah daring offline,0,netral
enak offline daring capek offline rasa banget capek fisik pikir kayak bolakbalik pagipagi sekolah rasa banget uras tenaga,-1,negatif
lemas banget suasana hati ngapangapain sekolah offline pagi,-1,positif
offline class suka aneh ngebet banget sekolah offline,-1,negatif
sch no salty senang sekolah offline senang banget sekolah kasih tugas dijelasin materi dalam materi materi baca,1,positif
langit turun meteor sekolah sekolah offline,-1,negatif
progress today habis sekolah offline mat minat mat wajib sekolah daring jam siang tobk gratis salah bimbel sekolah sambung les ajar uh fisika besok kinda tired but oke,0,netral
malas besok sekolah offline,-1,negatif
besok sekolah offline saya antuk help pagi sekolah,1,positif
beda berat siswa ajar dewe segi tugas saya lihat lihat beda saya sekolah offline adik saya deklarasi saya masuk sekolah sekolah,-1,positif
sila hujat benar saya i mean saya sekolah pas offline tekan,-1,negatif
dibebanin kerja rumah apaapa kerja rumah kerja rumah kerja rumah deadlinenya minggu kayak kerja rumah offline hari dlnya mata ajar kerja rumah tani adik sekolah offline rasa capek anak umur ngerasanya capek banget,-1,negatif
hem ngejelasinnya sekolah kayak offline latih latih kerjain pas mata ajar pulang bawa kerja rumah mata ajar kerja rumah sfh tugas jadic,0,netral
beeeeesok saya sekolah offline for the first time sekian aowkwkw,1,positif
saya ngeri praktikum kayak efek daring saya doang semangat sekolah offline,-1,positif
sksd my gapapaa lumayan teman obrol kelas sekolah offline,1,positif
sekolah offline,0,netral
iya ambil shift malam selagi besok sekolah offline ehehheeh,1,positif
semenjak sekolah offline jarang buka studytwt,-1,negatif
sekolah offline,0,netral
relate saya saya erti ajar guru offline sekolah mah teman yodeh ajar masuk otak daring mah saya bangun siang antuk melulu,1,positif
ah tidur anjing besok ku bangun pagi sekolah offline lgie smsksksdmcndj heuhhh,-1,negatif
kak nath kangen hueeaku sekolah offlinedari jam jarang pegang handphone gitupadahal kangen jbjb tt kak nath kabar,1,positif
saya besok sekolah offlinetp malas tidur anjing,-1,negatif
jam takut besok lihat sekolah offline,-1,negatif
bioskop buka sekolah offline gym buka shake shape buka butuh olahraga banget,1,positif
lawak banget sekolah saya ulang sekolah ada offline maulid nabi ada daring cih ulang agama,0,netral
anyway bar tips cepat antuk besok saya sekolah offline,-1,negatif
besok sekolah offline antuk malas tidur,-1,negatif
saya sekolah lucu banget najis kp offline wajib ptmt jalan sahabat ajar jalan gilir kena tegur langsung ketar tir awikwok,-1,negatif
saya suka pas sekolah offline tudari jam murid duduk doang bawa minummakan istirahat sumpah pegal kursi kayu,-1,negatif
besok sekolah offline,1,positif
moots cepat antuk tidur besok sekolah offline huhu,-1,negatif
sekolah offline istirahat huhu hype enha bangtan susah dbjsjsmaka i miss too,-1,negatif
pretty good capek sekolah offline but still fun anw terima kasih uuu nay begadang antuk buru tidur okaayy,-1,negatif
teruuussss anjing jeki taiiiiii ksel ah teman kelas gajelasss uler banget ih lawak banget ngaduin gerak cepat guru wkwk misuh misuh besok sekolah offline menang,-1,negatif
wedeh besok sekolah offline,1,positif
besok sekolah daring offline,0,netral
bangun pagi pagi senin sekolah offline,1,positif
capek besok sekolah offline bangun pagi begadang,-1,negatif
by the way sekolah daring offline,0,netral
delu besok sekolah offline gnite sleep well moots,1,positif
tidurr besok sekolah offline,1,positif
nder besok offline enak yuk sekolah ajar hak semangat,1,positif
sekolah offline matematika ekonomi rumah,1,positif
saya pikir pikir sekolah daring nyaman banget offline saya kayak malas banget,-1,negatif
yeeess sekolah offline kak summy senang banget banget tunggu ketemu tt im even happier now to hear that kak summy should always be bahagia lt,1,positif
suka sekolah offline daring tolong tugas saya offline daring banyak,0,netral
sekolah offline go,1,positif
besok sekolah offline yeayyy,1,positif
for your information saya sekolah offline tugas kumpul google classroom,1,positif
capek banget tugas saya tumpuk minggi sekolah offline tumpuk kadang guru pikir anak murid mata ajar iya kejar materi capek banget begadang gara gara tugas,-1,negatif
sekolah kuliah offline ngurangin jajan kecuali kemarin covid anggur lampias beli merch pc,0,netral
jalan mal bioskop bandara wisata buka anak sekolah offline dagang senyum pasien covidpun hilang rumah sakit moga tanda arah baik taat prokes gelombang tiga,1,positif
maaf moots jarang jbjb overthinking semenjak sekolah offline,-1,negatif
srl iya sekolah offline tugas tumpuk,-1,negatif
weyyy jurus sekolah offline,1,positif
koentjoro baik bangsa saudara laki anakanak sekolah offline lihat yoyakarta kemarin macet penuh mobil kota khawatir,1,positif
sekolah offline rasa capek seru,1,positif
senin my first sekolah offline after sekolah,1,positif
i mean sekolah offline sekolah senin jumat,1,positif
sekolah pakai kerudung rasa sekolah daring sekolah offline,0,netral
besok sekolah offline,1,positif
apakh menang besok vaksin sekolah offline ajar kimia visual arts ajar,1,positif
sekolah offline spill uang saku,1,positif
saya fine fine offline ekstrakulikuler off in anjing saya fokus mata ajar kayak hambat moga ekstra kulikuler hentiin saya lulus sekolah wkwk,-1,negatif
catat sekolah daring oke offline kayak nyatet saya nyatet susah tinggal nyalin santai,0,netral
saya sekolah offline saya pilih dua,1,positif
iya sekolah rumah guru saya kota saya guru rumah kayak sekolah offline saya kota materi and latih kirim email deh,1,positif
kak jajan sunscreen sekolah offline,1,positif
first day sistem gilir kumpul ajar b budak kumpul a sekolah pesan minggu lepas guru ulang from az ajar kat a last week pdpr offline module kesan terang guru,-1,negatif
jahat banget ngerencanain libur saya minggu full sekolah offline,0,netral
saya kelas tugas ngotak tertawa kuliah mampus saya saya tolil tugas doang by the way saya sekolah offline kuis ulang tugas saya tertawa capek buk wkwk,-1,negatif
deh saya sekolah offline kelas masuk srek banget saya sesi,1,positif
asyik sekolah offline,1,positif
sekolah mu daring offline,0,netral
suka sekolah offline daring,0,netral
moga cepat sembuh sekolah offline pikir uji semester suruh video,1,positif
hem eh sekolah offline gakenal teman kelas kamu kenal,0,netral
saya kayak pagi sekolah offline guru ngawas saya kayak degdegan banget,-1,negatif
ah sekolah offline daring by the way,0,netral
berangkat gelap pulang gelap sekolah offline wkwk,0,netral
revan sekolah offline daring adik,0,netral
gakkk sengaja pencet teman besok takut sekolah offline,-1,negatif
jujur kangen sekolah offline,1,positif
jahat iyapasti jahat banget lebih baik sekolah rumah ajamales ketemu teman teman kelas sekolah offline duhhhhhhaku coba damai hati deh butuh lamatapi ayo chakendaliin,-1,negatif
sekolah offline hari masuk senang,1,positif
sekolah offline pas berangkat hujan pulang motor mogok jalan kaki siang bolongpake pantofel,1,positif
sekolah daring offline,0,netral
pensi kook ngurangin koleksi habis sekolah offline takut gadirawat pcku,-1,negatif
kayak rest hunter sekolah offline,1,positif
lebih baik offline deh sekolah daring pusing banget saya,1,positif
sekolah offline sesi sesi pagi siang sesi siang sore,1,positif
kelas kelas sekolah offline parkir,1,positif
sekolah daring keluh sekolah offline keluh,0,netral
offline school capek anjing fisik saya capek banget sekolah kelas maksimal,-1,negatif
proses pindah on ingin sekolah offline full day canda teman cepat banget lupa sakit,1,positif
saya sekolah offline ajar pedicure and manicure saya sekolah tumpang sih kuku lumayan gratis,1,positif
banget pas sekolah offline jalan pulang tongkrong warung jadi tongkrong anak sekolah khusus sekolah untung pakai motor,1,positif
gapapaa mulung semangat sekolah seru banget offline,1,positif
frio alas terima orang cari teman kayak coba sudut pandang tempat kuliahsekolah kena pembullyan apa rugi senang daring offline,-1,negatif
sisi try hard baur pas kuliah coba cari teman minat orang kayak bantu teman susah tugas teman djadiin alas sekolah offline gede susah cari teman imo,0,netral
cepat sekolah offline,1,positif
pas sekolah daring buru kayak sekolah tatap muka offline pas sekolah offline sekolah daring,0,netral
saya pas sekolah offline,1,positif
iya karr mingdep saya sekolah offline saya jakarta libur,0,positif
pas sekolah offline hafal jadwal ajar hafal,1,positif
sekolah offline diksi duit jajan,-1,negatif
sch offline offline sekolah pas kelas kelas sender gedung sender cepat kelas,1,positif
sekolah offline capek rasa wkwk sore les moga cepat adaptasi eh betah banget sekolah sore banget jam sore pulang,-1,negatif
sekolahkerja via daring enak begadang bangun siang khawatir berangkat kerjasekolah offline gedandapan puyeng,-1,negatif
ke uang jajan uang bensin kadang suka tambah ke kakek main rumah pas jaman offline kos perlu sekolah kayak fotokopi kasih,0,netral
wow mantap by the way dom cepat sekolah offline pagi sore,1,positif
sekolah offline pagi sore kah,0,netral
sekolah offline tugas banget lumayan jarang on twit hbu,-1,negatif
sekolah offline tugas banget hssj,-1,negatif
sayang syukur orang gilir daring ingin offline sekolah offline ingin daring mau konsisten lebih baik sekolah deh,0,netral
sekolah offline,0,netral
sayang syukur orang gilir daring ingin offline sekolah offline ingin daring lebih baik sekolah deh kesal,0,netral
alhamdulillah jalan sekolah offline kasih sangu orang tua jatah ke hari tabung alhamdulillah jalan album sn kumpul ambil beli jilbab kumpul ke,1,positif
jumat sekolah offline,1,positif
i mean like skip kelas masuk sekolah offline,1,positif
sibuk urus sekolah offline tugas banyak,-1,negatif
apa sekolah offline,1,positif
sekolah offline susah on im sowrrryyyy,0,netral
halo tai sekolah daring masuk offline by the way lupa makan,0,netral
schapp sekolah offline tugas trivia ombrometer alat ukur curah hujan,0,netral
pas offline kasih ongkos pulang doang kantin sekolah buka wkwk,0,netral
cug bersukurnya manusia kasih libur keluh rasa hidup normal sekolah offline hidup normal sekolah offline eh daring,0,netral
capek sekolah offline,-1,negatif
sekolah daring offline,0,netral
nder nadiem pusing sekolah daring salah sekolah offline salah beliau pusing,0,netral
sekolah offline jam capek banget,-1,negatif
senin buruk sekolah offline terima kasih isi x ilmu tahu alam obrol lihat liat,1,positif
saya mingdep offline terima kasih jam sekolah saya selasela ajar bu izin angkat video call lia,1,positif
banget sekolah offline pas dengar kabar ajar offline senang pas offline daring suasana freak,-1,negatif
bleau sekolah offline hbu,1,positif
iya diksih semenjak masuk sekolah offline,1,positif
bismillah gedor makji kumpul duit makji bayar utang mama tunggu rezeki tambah beli novel alat sekolah adik offline,1,positif
kantin sekolah sekolah offline buka,0,netral
todays mail kali todays mail pc hand sanitizer renjun sekolah offline anjaylucu banget pas datengnyasafe packing and another yupi for freebies,0,netral
sekolah offline batas,1,positif
sibuk diri chil sekolah offline unjung sekolah langsungtetep on kadang malam,1,positif
iya ibu sekolah offline,-1,negatif
sekolah offline full deh tt,1,positif
kantor sekolah masuk offline pusiang bu moga jadi,-1,negatif
syukur daring egois saya syukur banget offline pekan adik saya paham kalian dikitdikit tolong erti sekolah kasih surat ketidaksiapan offline,1,positif
adik masuk sekolah offline,1,positif
sekolah rumah offline sembunyi rumah,1,positif
cieee sekolah offline,1,positif
sekolah offline daring sesuai suasana hati,0,netral
gemas banget ponakan sekolah offline,1,positif
heboh kerja anak sekolah offline,1,positif
antuk sekolah offline,-1,negatif
sekolah offline kh,0,netral
sumpah sekolah offline sanguu,1,positif
offline class kayak sekolah enak anjr obrol saya istirahat ajar pulang obrol teman duduk jauh kayak orang budek obrol dah offline,-1,negatif
sekolah offline,0,netral
aii seru sekolah offline,1,positif
enak sekolah offline kemarin pas saya ngambilin raport adik flashback sekolah seru banget woeeeee sempat,1,positif
heran lihat anak sekolah sekolah pakai masker keluyur sekolah offline anggap wkwk covid selesai salah ikut prokes sementang atur longgar,-1,positif
saya sekolah offline daring ahhhhh,0,netral
sumpah pas sekolah offline tumpuk woi tugas,-1,negatif
daring study offline exam hebat banget sekolah saya,0,netral
kasih daring offline siang malam sekolah meninggoy,0,netral
kak sekolah offline,1,positif
reply sekolah offline,1,positif
jujur capek banget sekolah offline,-1,negatif
pas sekolah offline kantin te jus ke,1,positif
kelas sekolah offline kah,0,netral
sekolah kah daring offline,0,netral
kayak indonesia normal wacana sekolah sore suka syukur banget suka giat daring alias lulus coy deg degan saya sidang skripsi offline,-1,negatif
saya semangat sekolah offline mnyesal,-1,positif
sekolah offline anjing,-1,negatif
anjing sekolah offline capek banget,-1,negatif
kuliahsekolah offline ajar nyala lampur kamar,0,netral
offline kayak buang buang ku pakai tugas sekolah guru masuk materi gkpp guru kasih tugas doang kadang guru jam mata ajar beliau pakai bahas tatib,-1,negatif
pagi makjii sekolah offline,1,positif
jujur iya anjing sekolah ku offline daring,0,netral
dak jujur enak anjing sekolah offline,-1,negatif
beli permen birutdi bingung beli permen biru bubblegum permen biru favku sekolah offline allah kangen jajan sekolah,1,positif
sekolah offline,0,netral
sch sekolah sender harlah offline sayang unggah foto tt,1,positif
diijinin sekolah offline alas kenapaaa,0,netral
benar sekolah sumber sebar sakit yasejak sekolah offline anak kena batpilpdhl ganti dokter gara batpil,-1,negatif
saya offline betah capek bolak sekolah capek rumah,1,positif
gess lepas aktif tepat sekolah offline asramaahayyyy yaaahh translate jametnya,1,positif
gess lepas aktif tepat sekolah offline asramaahayyyy yaaahh translate jametnya,1,positif
bangun pagi pergi kamar adik sekolah offline pergi rumah tante duo monyet rumah teman pagi bosan ganggu ganggu mama kebun marah,1,positif
beli sekolah offline baterai boros banget,1,positif
kurang sekolah offline sakit pinggang cug capek duduk melulu,-1,negatif
gess lepas aktif tepat sekolah offline asramaahayyyy yaaahh translate jametnya,1,positif
askrl spill outer bagus seragam sekolah offline,1,positif
sekolah offline istirahat sebentar banget bekal saya habis bawaa,-1,negatif
cimory sekolah offline pulang,0,netral
saya sekolah daring saya offline berani sumpah daring saya kayak takut sosial saya diri ubah erti,1,positif
lulus c word sekolah offline,1,positif
malas gerak banget anjing sekolah offline,-1,negatif
adik saya sekolah offline saya rumah kuliah nanti sore asa anggur anjing,-1,negatif
daring sekolah daring ptm ajar tatap muka offline kamu kuliah kh liar,0,netral
saya banget sekolahmana kelas saya ganti wifi sekolah sad banget buka galeri atauga main game offline,-1,negatif
sekolah offline jam gerah banget anjing nyala ac,-1,negatif
sekolah offline asa latih militer,-1,positif
sekolah offline bawaanya panic attack bagus daring tenang,-1,negatif
iya nder kynya sekolah offline,1,positif
jujur pas saya potong corona daring enak daring enak offline benar rasa banget sekolah kenang deh saya anjing rasa agit,1,positif
masuk sekolah offline,1,positif
iya kak expo universitas bimbel jadwal sekolah expo offline sekolah join zoom,0,netral
dua daring ringan materi kepala cari materi ajar offline berat materi masuk otak capek pulang sekolah muka pucet,0,netral
sekolah daring offline,0,netral
untung daring offline korban bullyan fan mu sekolah,-1,negatif
hai moots sekolahkuliah offline kampus praktikum,0,netral
sekolah offline,0,netral
sekolah offline jam berangkat jam bangunlagi bisa bangun jam tidur lagihadeh tolol banget dhuntung lambat,-1,negatif
malas banget sekolah offline,-1,negatif
christyjkt sekolah offline tinggal bus sekolah,0,netral
nggasoalnya jawalnya sekolah offline,1,positif
pagi semuaaaku sekolah offline todaykalian gmndaringoffline,0,netral
kesini malas sekolah offline anjing,-1,negatif
saya sekolah offline,1,positif
sekolah offline,0,netral
fr sekolah saya banget anyink dibotakin lebih baik offline,1,positif
sekolah offline daring adab,1,netral
dengar sekolah offline langsung tenang hati,-1,negatif
oi sekolah offline yyy wkwk,1,positif
sekolah but offline,0,positif
close siangg sekolah offline,-1,negatif
offline semangat sekolah offline,1,positif
campur kayak sekolah minggu kali offline sesuai jadwal campur daring mata ajar rasa juru kayak pkn sunda offline fokus mata ajar kayak matematika mata ajar juru,1,positif
jadwal bestie sekolah offline asyik,1,positif
kapann sekolah offline,1,positif
gilir daring offline pas offline daring sekolah yuk yuk,0,netral
sekolah offline,0,netral
sekolah offline day jam kosong,1,positif
tanyarl risih teman bicara konteks sekolah adakan giat giat beda murid pilih acara wajib offline sekolah daring,0,netral
sekolah daring offline by the way sarap,0,netral
sekolah daring offline by the way sarap,0,netral
sekolah offline tugas video another level of pain,-1,negatif
sekolah offline daring,0,netral
sekolah offline daring,0,netral
banget anjing nolep gpunya teman seko sekolah offline pusing banget jujur,-1,negatif
semangat guru letak hadir murid sekolah sehapalagi semenjak pandemi paksa sekolah daring perlahan offline semangat ajar langsung lipat ganda ku,1,positif
sekolah offline daring,0,netral
sekolah offline seru bayangkann,-1,positif
moga sekolah offline,1,positif
hlow sekolah offline semangat,1,positif
offline daring sekolah e nanti saya bantu alas tau offline,0,netral
p the sekolah offline,0,netral
sekolah offline aaaaaa kali kelas tertawa pamer,1,positif
agree jujur sekolah offline enak saya,-1,negatif
sekolah daring offline,0,netral
sekolah offline sakit jdinya daring,-1,negatif
eh sekolah offline jam,0,netral
kamu sekolah offline daring,0,netral
sekolah offline tarik oh,-1,negatif
semangat ptm sekolah offline sesi siang,1,positif
mootssss sekolah daring offline,0,netral
sekolah offline,0,netral
sekolah offline panas,-1,negatif
oh besok sekolah offline semangat sekolah,1,positif
sekolah offline guru moga jam kosong wkwk,1,positif
bangun sekolah offline,-1,positif
tanggal desember bangtan konser offline saya sekolah offline tai,-1,negatif
sekolah daring offline,0,netral
morningdari sekolah offline,1,positif
dyaz sarap sekolah offline have a nice day too dyaz,1,positif
sekolah offline kah,0,netral
class meet offline po korban lomba po lomba class meet sekolah ku sekolah iya sayang,0,netral
kali sekolah offline,1,positif
sekolah daring offline by the way sarap,0,netral
lxyc sekolah daring offline by the way sarap,0,netral
sekolah daring offline by the way sarap,0,netral
sekolah daring offline by the way sarap,0,netral
pagiii sekolah offline semangat,1,positif
sekolah daring offline by the way sarap,0,netral
sekolah daring offline by the way sarap,0,netral
mndhs kesekolahh kim sekolah offline daring paman,0,netral
haloo rinn aksksusjsns allah kabarnyaaa dhh sarap lummm sekolah daring offline kuliah kerja apa semangat rinnn,0,netral
rina hyonk kamu sekolah offline,0,netral
malas sekolah offline kayak orang,-1,negatif
semangat banget sekolah offline,1,positif
sekolah offline daring,0,netral
anjing besok sekolah offline,-1,negatif
sch malas banget senin sekolah offline,-1,negatif
semangat sekolah offline adik,1,positif
ajar jarak jauh semangat sekolah offline,1,positif
agy sekolah offline,1,positif
malas malesan lebih baik bdr dim rasa jenuh seru lebih baik sekolah offline,1,positif
aaaaa sekolah offline,1,positif
iya kuat nek sekolah offline,-1,negatif
sekolah offline pulang jam,0,netral
sekolah offline daring,0,netral
selamat pagi sekolah offline aduh,-1,negatif
offline sekolah siang,1,positif
punyaa jaman sekolah offline make lagu alarm,1,positif
sekolah offline guru ganteng tukang ayam bakar,1,positif
pagiii semangat sekolah offline deg deg an,1,positif
iya saya sekolah offline,1,positif
pagiiii sekolah offline degan banget plisss,-1,negatif
aw sekolah offline,1,positif
pagi moots sekolah offline semangat daring tidur,1,positif
unty morining kak fen sekolah offline,1,positif
pagiii sekolah offline semangat,1,positif
sekolah offline kak pulang jam les jam wahwah,-1,negatif
semangat sekolah offline,1,positif
first time sekolah offline jujur asyik kakel,1,positif
sekolah daring ingin offline pas kasih offline malas malesan dasar,-1,negatif
iya saya minggu les sekolah offline isi,0,netral
beli sekolah offline,1,positif
sekolah offline,0,netral
sekolah offline batal saya capek banget anjing offline ngabisin bensin kuota,-1,negatif
pagi moots by the way sekolah offline daring semangat,1,netral
struggle kira daring offline enak bangun jam tau berangkat sekolah wkwk balik imbang,0,netral
sekolah offline,0,netral
good pagi sekolah kelas offline kenal kelas pain,1,positif
sekolah offline,0,netral
sekolah offline,0,netral
sekolah offline,0,netral
yusuf mansyur too sekolah offline pts saya,1,positif
sekolah offline,0,netral
sekolah offline,0,netral
ih teman teman sekolah offline keren,1,positif
sekolah offline,0,netral
adik jiwa malesnya sekolah offline hiks paksa lawan main fisik,-1,negatif
sekolah offline,0,netral
malas malesan sekolah offline,-1,negatif
pagi teman sekolah offline,1,positif
good pagi moots sekolah offline hdue pusing gara gara bawa flu by the way lupa makan,-1,positif
iya allah lupa jam offline mau apa sekolah ku rumah oke mandi,0,netral
selamat saya sekolah offline doa iya moga guru tagih tugas,-1,negatif
wish me luck sekolah offline saya kenal,-1,negatif
oh adik saya jaksel sekolah offline,1,positif
huaa moga cepat sekolah offline,1,positif
syukur sekolah offline,1,positif
schdkfks sekolah offline,1,positif
sch kangen sekolah offline sesi sesi an trivia rumus harga imbang pasar qdqs,1,positif
sch teman teman pas sekolah offline hilang barang sharing dong trivia stratifikasi bagi stratifikasi buka tutup campur,0,netral
sekolah offline,0,netral
anjing masuk minggu sekolah offline,-1,negatif
adik sekolah offline owowoow takut sekolah offline handphone ku selesai,-1,negatif
unty pagi sekolah offline,1,positif
sekolah offline and do know pren saya lupa make dasi ueueue,-1,negatif
salamat pagisemangat sekolah offlineyang semangat,1,positif
masuk sekolah offline hiksssrothh malas,-1,negatif
malas gerak banget sekolah offline,-1,negatif
sekolah offline daring,0,netral
sekolah offline lupaa sarap,1,positif
sekolah offline daring,0,netral
ow hore sekolah offline,1,positif
sekolah offline hore,1,positif
sumpah saya malas sekolah offline,-1,negatif
sekolah offline,0,netral
antuk sekolah offline,-1,negatif
sekolah offline,0,netral
sekolah offline adik adik,1,positif
saya sekolah offline taejin live semangat,1,positif
pagi selamat saya on the way sekolah offline hufttt,-1,negatif
ah shitt sesal banget sekolah offline enak sekolah daring,-1,negatif
aduh sekolah offline,-1,negatif
bye bestie sekolah offline,1,positif
tidak sekolah offline pagi,-1,negatif
sch sekolah offline jadwal ajar ganti ganti diumumin jadwal baru h harijam,0,netral
uh rumah biasa interaksi orang keluarga rumah moga sekolah offline buruk takut banget tolong,-1,negatif
tidurrr perkara saya sekolah offline tugas ekonomi tuntassss syalann battttt,-1,negatif
sekolah daring offline,0,netral
enak sekolah offline meeting daring,1,positif
saya selesai jam deh pagi saya sekolah offline,-1,negatif
sekolah offline,0,netral
class i sekolah offline but i grup a sok this week study je kot,-1,negatif
besok sekolah offline saya henti salah tingkah crush saya kelas besok ajak obrol bicara tertawa,1,positif
pas sekolah offline tidur,0,netral
besok sekolah offline gabiss tidur,0,positif
tidur saya oh saya habis minum kopi besok sekolah offline siang lucu,-1,negatif
sekolah offline jam tidur ku langsung rapi banget,1,positif
besok masuk sekolah offline moga pulang sekolah pas buka twitter langsung selamat amin,1,positif
hai habis gratis sms kabar jumpa maksud apa heran bicara gratis sms gacukup hari gratis telpon jam sekolah offline,0,netral
lihat jadwal sekolah offline senin pulang jam siang aaaaa,-1,negatif
sekolah offline butuh,0,netral
malas sekolah offline iya,-1,negatif
jarang pakai gerak cepat offline kumpul sekolah,1,positif
besok sekolah offline seragam saya ember alias air rendam,0,netral
pakai google classroom nder alias sekolah full offline,1,positif
h sekolah offline,0,netral
bayang sekolah offline nasib fan mu sekolah besok senin,-1,negatif
besok sekolah offline kumpul lanjur pagi,-1,positif
habis sekolah offline jujur saya benar pakai sesi an saya mental minggu,-1,negatif
besok saya sekolah offline malas,-1,negatif
besok saya sekolah offline malas gerak banget,-1,negatif
omgg besok sekolah offline,-1,positif
lebih baik tidur besok pagi sekolah offline antuk antuk kelas,-1,positif
sekolah offline vaksin here we go,-1,negatif
ra bayangke dadi rafi rabbanisesok sekolah offline andang ece koncone,1,positif
tidur besok sekolah offline,1,positif
sadar besok saya sekolah offline aaaa,-1,negatif
tanyarl besok sekolah offline huhu mandi pagi sender besok apalan kimia,-1,negatif
besok saya sekolah offline,1,positif
sumpah sekolah offline stres,-1,negatif
fisika fuck banget erti guru masuk minggu ngejelasinnya detail eh kasih ulang anjing sekolah offline kit heart kali nilai rendah,-1,negatif
eh laaahh malas banget sekolah offline saya semangat,-1,negatif
oh iya besok sekolah offline teel sepi banget,1,positif
sekolah offline,0,netral
jam gin degdegan ngehadapin senin besok pikir pikir sekolah daring santai mandi mandi sarap tinggal dapur bawa kamar jam potong pas jaman offline,-1,negatif
guru gjls jadwal jam gin besok sekolah offline,-1,negatif
umm teman besok pertama sekolah offline murid belum teman cheer me up takut banget teman,-1,negatif
arus gede banget busett heran bakar kabel parallel tengah hilang coba untung coba offline hangus sekolah,0,netral
kerja daring minor kelas offline kerja offline langsung bentrok sekolah tugas les,0,netral
malam saya coba ambil tidur pas pagi langsung sekolah offline,-1,negatif
members kak besok sekolah offline,-1,positif
pas sekolah offline,1,positif
lucu banget lihat anak remaja exciting besok sekolah offline,1,positif
wkwkkwkwwk nolep banget saya sekolah offline,1,positif
sekolah anya lucu banget offline bulan,1,positif
miskin sekolah offline uang jajan wkwk,-1,positif
sekolah offline malas bangun pagi,-1,negatif
besok sekolah daring offline,0,netral
besok sekolah offline,-1,positif
ngespace yuk eh besok sekolah offline sekolah offline wkwk,-1,positif
besok sekolah offline foto ijazah deh jadwal foto ijazah pagi muka ubah ladang minyak,1,positif
tidur besok sekolah offline,1,positif
besok adik sekolah offline,1,positif
hai besok sekolah offline daring,0,netral
besok sekolah offline mules rn,1,positif
pas offline bangun tidur ku mandi daring bangun tidur langsung sekolah,0,netral
ngedudel besok stres sekolah offline deadline commission,-1,negatif
pagi bantu masak tahlil mama ayah siang zoom angkat jemur sapu ngepel sore pergi nobat pas pulang tonton bareng bantu beres beres rumah nenek besok pagi cuci baju gunung adik besok sekolah offline,1,positif
official besok sekolah offline,1,positif
via cerita iya iya cepat dahlahhh ah gaseru anjing lambat bingung curhat nct kayak enakkkk pas sekolah offline cerita sambung chairmate mianhae via,1,positif
besok sekolah offline,1,positif
semangat fayy besok sekolah offline kyu titip salam kangen,1,positif
sekolah offline paling capek punggung capek pikir layar capek olahraga pacar antuk kayak bangun kasur tenaga mata berat banget tidur,-1,negatif
besok sekolah offline,1,positif
malas banget besok saya sekolah offline,-1,negatif
by the way besok sekolah offline,1,netral
pas sekolah ke minggu subsidi uang jajan sekolah ke tertawa kuliah offline bulan moga pas offline subsidi uang jajan minggu ke kuota ke,0,netral
tertawa minggu kemarin offline plus sabtu ekskul capek banget lupa sekolah offline,-1,negatif
besok gilir saya sekolah offline tugas minggu selesai saya ngantukann point nomor,0,negatif
kangen sekolah offline kayak sakit tryout akbar sekolah tertawa,1,positif
besok sekolah offline,1,positif
sekolah offline selang seling,0,netral
sekolah offline,0,netral
sekolah kuliah offline,0,netral
anjing besok sekolah offline ajggg,-1,negatif
saya besok sekolah daring dar minggu doang saya offline,0,netral
saya tidur duluaan moots besok sekolah offline bangun pagi good night mootss,1,positif
sp besok sekolah offline cung,1,positif
alhamdulillah semenjak sekolah offline rumah scroll lini tertawa,1,positif
maksud sekolah rumah sekolahttp offline nomer daring masuk kuping kanan kuping kiri blmmm foto amuro pakai baju kid anime manga dc rilis volume,1,positif
beli daring streaming mulai jumat jam jam jam sekolah sekolah kena jadwal offline hadu,-1,negatif
prefer sekolah daring offline,0,netral
sekolah daring offline enak acara,0,netral
besok saya sekolah offline,1,positif
aduh offline malas gerak banget saya besok sekolah ih,-1,negatif
iya sekolah offline,1,positif
sekolah offline bestie daring,0,netral
suka sekolah offline daring,0,netral
sekolah offline ulang daring,1,positif
harap sekolah offline semangat ajar malak duit orang tua,1,positif
capek banget buset sekolahkuliah offline ketemu terbit benam matahari,-1,negatif
besok offline kayak sekolah ku lambat offline besok tertawa,1,positif
wkwkwkwkwkwk saya minggu kali only sekolah minggu hari ganti gkpp syukur offline,1,positif
konteks sekolah offline,1,positif
sekolah offline php,1,positif
bagus deh iyaanie sekolah ku offline tugas cecer aosksjsjshsh,-1,negatif
besokk sekolah offline daring bestiee,0,netral
besok jadwal sekolah offline,-1,negatif
besok sekolah daring offline,0,netral
sekolah offline aku nyaman sekolah daring,-1,netral
nder novdes daring sekolah ku murid offline,1,positif
sekolah offline anjing,-1,negatif
no offense efek anak sekolah offline taat prokes srba salah orang tua enak anak sekolah seko anak buka masker colek ingus,-1,positif
sering sekolah daring besok sekolah offline,1,positif
run run besok senin by the way sekolah offline,0,netral
besok senin sekolah offline huaaa,-1,negatif
staf bebudak cuti sem lepas spm sok member sekolah orang kerap sok serve ramah muncul soal manajer gay mintak top up juragan cakap offline,0,netral
capek sekolah offline,-1,negatif
bingung sekolah offline enak paham materi dijelasin langsung daring ajar duduk rebah gaya apa oncam,1,positif
twit hai kak yoon badmood banget gara tugas sekolah susah ampun malas sekolah tugas kerjain suka pikir malas sekolah offline masuk sekolah tengah juru,-1,negatif
suka sekolah daring offline,0,netral
aeh offline live stream time sekolah weh,0,netral
besok sekolah offline tolong akdgsksgsjs,-1,positif
besok sekolah offline diliburin,1,positif
besok sekolah offline,1,positif
allah besok sekolah offline,-1,positif
besok sekolah offline,1,positif
ih samakk sekolah offline gupek takut lupa,-1,negatif
woi besok sekolah offline anjing,-1,negatif
malas sekolah offline ketemu teman,-1,negatif
weyy sekolah offline shiftan saya ngehapus materiebook foto ajar handphone,1,positif
coronces nder daring murid atur kayak sekolah offline deh hasil,0,netral
aaaa besok gilir saya sekolah offline,-1,negatif
keren sekolah hybrid daring offline ajar efektif,-1,negatif
bes masuk sekolah offline rambut warnain marah kaget pas masuk guru marah suruh ganti warna hitam,1,positif
wkwk besok saya sekolah offline,1,positif
alhamdulillah semenjak sekolah offline kuota sedia,1,positif
gueee besok sekolah offline malas,-1,negatif
besok sekolah offline,1,positif
twit jimin takut banget sekolah offline besok,-1,negatif
nggaaa besok sekolah wawancara offline terima kasih lt,1,positif
anak sekolah offline,1,positif
iya anjing saya sekolah offline,-1,negatif
besok sekolah offline daring,0,netral
besok sekolah offline anjing,-1,negatif
sekolah offline ulang daring,0,positif
senin besok sekolah offline,0,positif
pagi sekolah offline sore lanjut daring,-1,negatif
sekolahoffline sekolah offline,1,positif
gara izin offline moga sekolah saya offline sem,1,positif
besok senin saya sekolah offline,-1,negatif
aaaaaaargh pas empat ptd on stage sekolah offline,-1,negatif
moga lekas sembuh inten offline sekolah offline,-1,negatif
bts untung besok saya offline offline saya sekolah linglung,-1,negatif
ponakan saya masuk sekolah offline oh my god,1,positif
waaaa besok sekolah offline,1,positif
saya rasa sekolah offline,0,netral
senang streaming offline konser sekolah hai ampun menang,-1,negatif
sekolah offline tugas saya numpukkkkkkkkkkkkkkk,-1,negatif
saya senang banget besok sekolah offline wkwk kali kelas masuk kelas misah,1,positif
besok sekolah offline sial,-1,negatif
allahaku sekolah offline pas ajar matematika,-1,negatif
semangattt chryss enak kokk sekolah offline,1,positif
suka ajar suka nyatat suka interaksi guru pas sekolah offline ahli khusus nder skill dangkal general banget menurt kuliah spya temu spesialisasi bidang cocok,1,positif
besok sekolah offline daring,0,netral
besok sekolah roster kimia pku pjok anjayyy saya karya apa pku besok saya sekolah offline saya lanjur nyaman sekolah daring,-1,negatif
kali tugas offline sekolah minggu abadi,0,netral
full sekolah offline by the way malam,-1,netral
besok senin hwaaa besok sekolah offline tugas upacara sekolah offline daring besok,0,netral
hai kak izin lomba daring sertifikat pakai kak bantu snm lomba offline lomba sekolah,0,netral
besok sekolah offline,1,positif
besok sekolah offline,1,positif
besok sekolah offline,1,positif
zaman handphone mahal jaring lambat buka google warung internet saya sekolah offline jam jam saya pulang sekolah warung internet alas saya lucu tonton televisi baca koran majalah buku buka google,1,positif
besok sekolah offline,1,positif
besok sekolah offline hufttt dunia kejam,-1,positif
tas ransel sekolah offline,0,netral
pas sekolah offline kadang suka kasihan gara gara suka hotspot,0,netral
besok sekolah daring offline,0,netral
sekolah offline kali minggu kali minggu ikhlas hati,1,positif
besok sekolah offline,1,positif
sekolah offline cok,-1,positif
kayak sekolah saya offline gagal melulu anjing astagfirullah,-1,negatif
besok sekolah offline,1,positif
bosan pas offline an sekolah minggu bosan nge twit,-1,negatif
besok sekolah offline,1,positif
eh aduh besok sekolah offline,-1,negatif
ice sekolah offline nugas siang siang kelar sore malam tidur cepat jam tidur,1,positif
masuk buku hs mabuk bolos mata ajar sekolah offline,-1,negatif
besok sekolah offline lubuk hati malas banget heyyeheje soalnyaaaa beda sesi teman deketku takut anak pendiem dighibahin alea anak cupu banget,-1,negatif
sekolah offline istirahat,0,netral
pasang mahasiswa sekolah offline saya ingat jagaa mahasiswa jatah katingborgol ilanggg ikhlas tinggal wkwk overthinking guysss,1,positif
sekolah daring offline anjing tugas,-1,negatif
hati hati mahasiswa masuk kuliah sekolah offline kakak tingkat saing tahan tikung wkwk,1,positif
sibuk banget parah sekolah offline,-1,negatif
besok first day saya sekolah offline,-1,positif
saya takut sekolah offline help,-1,negatif
sekolah offline,0,netral
fess sekolah offline doang daring,1,netral
schapp wtp teman sender senin besok sekolah offline trivia hambat jenis kawat alami ubah suhu ubah hambat listrik alami ubah suhu ubah,1,positif
iya by the way senin pad sekolah offline kampus saya kemarin kayak sebal senin,-1,negatif
laku mingdep sekolah offlineya jadwal operasi ahwhwhwhwh,1,positif
besok senin besok senin sekolah offline aaaaak,-1,negatif
wkwk kak dyn jompo akibat sekolah offline mogu lucu banget kayak nama kucing tetangga ku,-1,positif
saya sekolah offline,1,positif
besok sekolah offline nihkalian daring offline,0,netral
oh my god besok sekolah offline,1,positif
saya sekolah offline anjing,-1,negatif
besok sekolah offline,1,positif
sekolah offline teman saya sg pacar saya pelukhassun,1,positif
mari lihat concert lupa sekolah offline besok,0,netral
saya sepatu sekolah besok sekolah offline,-1,positif
sekolah offline capek,-1,negatif
sekolah offline,0,netral
prefer sekolahkuliah daring offline sebut alas,0,netral
handphone saya ganti retak parah memori nampung pas banget sekolah offline tugas video uprak beli,0,netral
besok sekolah offline,1,positif
allah hamba sekolah offline engkau meng onlinekan sekolah hamba hamba mohon allah hamba capek hamba takut,-1,negatif
pose kayak abg sekolah offline ketemu tementemennya,1,positif
semangat sekolah offline,1,positif
tolong besok sekolah offline,-1,positif
hai gaiss maaf banget jarang aktif sekolah offline tugasny tambah diusahain aktif unfollow oke,-1,negatif
duit beli paket mandiri kasih uang saku kayak pas sekolah offline uang beli paket kumpul uang hasil uang saku seharihari,1,positif
sekolahkuliahnya offline daring,0,netral
besok sekolah offline yeahh,1,positif
sekolah offline daerah zona merah,-1,positif
offline minggu sekolah minggu daring oke oke semangaaaat,1,positif
besok senin saya sekolah offline,-1,negatif
ganba ucii sekolah offline sekian daring malas,-1,negatif
besok saya offline sekolah lupa allah,-1,negatif
sekolah offline daring,0,netral
besok sekolah offline kayak besok giat ajar ajar deh acara debat pilih organisasi siswa intrasekolah oh iya doa pilih anggota organisasi siswa intrasekolah,1,positif
besok sekolah offline uhuy sesi,1,positif
besok sekolah offline,1,positif
anak sekolah offline saya maish rumah jujur saya iri,1,positif
saya sarap langsung mules pas jaman zaman sekolah offline sakit perut,0,netral
sekolah offline pas on,1,positif
murid tes pacar random orang tentu sekolah offline tolong moga negatif rindu uang jajan,1,positif
malas banget besok sekolah offline,-1,negatif
sekolah offline el,0,netral
tata sekolah offline,0,netral
santai rebah sekolah offline,0,netral
teman teman sekolah offline,1,positif
saya curhat saya sekolah offline saya bingung saya masuk this anxiety bothers me saya for your information orang tua saya saya anxiety saya konsultasi halo doc,1,positif
andai kayak sekolah offline kejar nilai iya kesan egois iya iya saya apa andai teman tertawa lucu banget dddd,0,netral
semangat sekolah offline,1,positif
puas baca au selagi sekolah daring offline baca au,-1,negatif
gara gara sekolah offline up,1,positif
sekolah daring offline,0,netral
sekolah offline tugas cecer anjing,-1,negatif
aaa akun uruss sibuk sekolah offline akutuu rumah langsung tidurr skskksjs,-1,negatif
anjing konteks sekolah offline serta kenang,-1,negatif
sekolah daring capek mental sekolah offline capek fisik dahla rumput,-1,negatif
kayak sekolah offline bullying gara gara bocah cilik tonton tokrev,-1,positif
christyjkt pikir sesuatukarena rabu ulang matematikadan sekolah offlinejadi pikir strategi googlehehehe canda canda,1,positif
semenjak saya sekolah offline asa minggu cepat banget dha minggu,0,positif
saya benar deh banget sontek sekolah offline enak anjing sontek,1,positif
sekolah offline,0,netral
kangen musim hujan pas corona musim hujan pas sekolah offline,1,positif
offline besok pas sekolah takut teman teman saya pergi geng baru tertawa,-1,negatif
besok beli handphone saya sekolah offline iwww panas banget saya gambar sekolah offline,0,netral
please banget sekolah ku offline batas,1,positif
sringg sekolah offline daring gapapaa,1,positif
sekolah offline kisar an ngemall,1,positif
sekolah sekolah offline,1,positif
orang orang senang sekolah offline saya gemetar tidur wkwk,1,positif
sekolah offline kadang jam bangun,1,positif
malas sekolah offline kejar kereta doang,-1,negatif
saya ggr tanggung kayak tugas sekolah club etc pas buka genshin bawa capek daily commis puas puas main sekolah offline,-1,negatif
you kayak pas sekolah offline semenjak daring school dikasihtau rankingnya sjdjdjsjjds,0,netral
senang kak minji sehat wkwk kemarin menang benar senang minggu sekolah offline duit ku belikan pc kevin kayak aduh kayak bahagia banget besok libur kayak senang,1,positif
semenjak sekolah offline jam tudur saya kayak jam gin mata berat banget saya begadang oi baca au malam,-1,negatif
pakai masker plisss sekolahkuliah ayo offline sedih daring muluuk gara gara covid selesai offline anjri,1,positif
sekolah offline full seninjumat jam guna orang aneh episode nctzen,1,positif
salat doa ku satu kabul mual sekolah offline cerdas otak akademik non akademik benar diturutin doa pas salat subuh pas jam tugas,1,positif
alhamdulillah kak semenjak sekolah offline susah main twit hikss,-1,negatif
kuliah cirebon offline kuliah pamit sekolah kelas tautau kuliah tertawa,0,netral
senin offline beli sepatu sekolah,1,positif
sekolah offline,0,netral
sekolah offline gendut,1,positif
allah weekendgue sekolah offline,-1,negatif
semangat sekolah offline gara gara crush wkwkwwkwk minderrr,1,positif
assalamualaikum murid murid kelas offline guru urus kat sekolah,1,positif
kak ell sekolah offline kah minggu saya sekolah offline,0,netral
sekolah offline capek banget,-1,negatif
sekolah offline sibuk,-1,negatif
gelisah selasa rabu masuk sekolah offline hafal dihafalin,-1,negatif
aaaaa kak rani sekolah offline,0,netral
min suka sekolah offline,1,positif
gara gara libur sekolah offline minggu gapengen sekolah offline gxbsnanajsjjss nyaman rumah,-1,negatif
siapsiap sekolah offline mvs,1,positif
diijinin sekolah kemarin jumat pramuka offline sekolah offline,1,positif
umur banget enggak anak umur ku pas sekolah offline lihat teman dongak makan pandemi teman tahun ku,0,netral
sekolah offline pelajarann bocan rumah,-1,negatif
aaa kangen sekolah offline,1,positif
sekolah dasar padus pas sekolah offline kopit,1,positif
sekolah offline suka uji daring,1,positif
sekolah offline ulang daring,1,positif
sekolah offline,0,netral
jujur capek capek kayak asa gituuuu offline sekolah lanjur lulus offline,1,positif
suka sekolah offline daring,0,netral
senang lihat anak sekolah offline allah dunia normal,1,positif
adaptasi virus varian harap lepas masker kayak covid harap banget sekolahkuliah offline saya ngerasanya kayak bayar kuliah masuk materi,1,positif
tolong cptcpt sekolah offline tolong uang jajan double sisa ongkos kirim,1,positif
seninsabtu sender sekolah offline full lt,1,positif
jual pc beli kacamata ku sekolah offline papan tulis buram,0,netral
korea sekolah offline sekolah breng kayak izone realita show,0,netral
suka sekolah offline sekolah ajar kadang kasih latih pas pulang tengoktengok handphone tugas jadwal ajar jarak jauh kesal betoolllllll,-1,positif
konteks sekolah ketemu offline,1,positif
sekolah daring gaib offline muncul,1,netral
panaas banget sekolah offline,-1,negatif
jahat banget jam sekolah huhu jadwal offline tt,0,netral
sekolah offline,0,netral
penjara luthfi hasan ishaaq ahmadiyah cikeusik pandeglang banten jawa barat indonesia juragan jual mobil bekas toyota kijang innova diesel sekolah offline tubuh manusia unduh salah,0,netral
orang kayak jgdulu sekolah offline guru materi lisan presentasi ikut mulut guru bicara catet otak ku cepat paham materi,1,positif
rela sekolah offline,1,positif
bismillah siap sekolah offline,1,positif
sekolah offline sekolah,0,netral
sekolah offline the best,1,positif
saya offline capek sekolah doang kira offline tinggal di kos,-1,negatif
rl enak langsung daftar les mandarin desember uji ikut ajar sekolah tugas ganggu anw sekolah sabtu les mandarin offline terima kasih saran,1,positif
sekolah offline sial murid saudara laki gurune,-1,negatif
sekolah daring bagi tugas sekolah daring x lipat x lipat sekolah offline kelas tugas pas kelas,0,netral
semenjak sekolah offline jarang aktif twitter hshsh,-1,negatif
min wishlist bgadang kantong mata hitam sekolah offline pakai masker jidat belang wkwk wishlist somethinc holyshield sunscreen comfort corrector serum spf somethinc game changer tripeptide eye concentrate gel,0,netral
aduh besok senin sekolah offline sekolah yoyakarta dom ku klaten nglaju deh,-1,negatif
sekolah offline mari babu sekolah,0,netral
sekolah offline biasa ajar,1,positif
yrl informasi kerja daerah sidoarjo jawa timur offline bu banget bantu orang tua by the way sekolah,0,netral
live lapor sekolah bina program kerja sekolah bina offline sekolah dasar negeri kedungbanteng tema lawan covid gera divisi abdi masyarakat hima kbmkm unsoed,0,netral
too niel sksksk sekolah offline,1,positif
kii sabar sekolah daring offline,0,netral
guru nyeremin takut mindep sekolah offline,-1,negatif
sekolah offline egk mniezz,0,netral
sekolah offline,0,netral
sarap mandi sekolah offline lupa,0,netral
tuhan besok sekolah agama offline presentasi,-1,negatif
zona hijau moga dom sekolah offline,1,positif
san pulang sekolah ajar offline,0,netral
malas banget sekolah offline,-1,negatif
banget sekolah offline sarap perut enak makan jam an istirahat,0,negatif
