tweet_bersih,label_sentimen,label prediksi
iya do offline og esuk ramai ndalan do ngeterke anak e sekolah,0,netral
wooowwww syukur ubah amin moga tidur jam belas pas sekolah offline tidur jam belas melulu syukur jam bangun,-1,negatif
seru ku baca tunggu sekolah offline pinjam pus,1,positif
rumah anggap buruk mental biasa buru buru kekantorkepabriksekolah lambat budaya rumah maklum fisik offline uang tambah uang tambah,0,netral
good wkwk offline sekolah gampang ngelakuinnya,1,positif
puan syukur indonesia pasuk fase endemi covid kondisi anak ajar tatap muka ptm sekolah tenang puan pm,1,positif
foodizz hasil luncur sekolah bisnis kuliner sbk resmi menparekraf sandiaga uno kamu sobat sbk kuti daring offline sbk program kelas,0,netral
sekolah offline tugas banget tugas kelompok presentasi,-1,negatif
bahagia banget ketemu anak sekolah minggu tatap muka,1,positif
sekolahkuliahkerja offline tim sarap tunggu jam istirahat makan,0,netral
sahabat kreatif ptm iya cieee ngeumpi ajar suka sekolah offline daring,0,netral
degdegan bagi sekolah offline kelas semester uji semester usaha cipta kenangkenangan bareng teman takut uji sekolahujian masuk kampus kayak gila anak gede,-1,negatif
day sekolah offline tugas tumpuk iya,-1,negatif
ppl kemarin alhamdulillah bagi offline sekolah tengah juru pilih sekolah dipilihin kampus rumahsekolah menit berangkat jam set sekolah seru banget sayang warga sekolah nyaman,1,positif
ganbatte juang uji semester offline semester genap semangat daftar sekolah negeri fighting pat sekolah,0,netral
cegah sakit hepatitis akut ajar tatap muka siswa imbau bawa bekal sekolah siswa jajan sembarang tips masak bekal anak chef martin natadipraja,-1,negatif
wrwrwrwrw sekolah offline,1,positif
puan syukur indonesia pasuk fase endemi covid kondisi anak ajar tatap muka ptm sekolah tenang puan peduli orang cilik,1,positif
eh lapor daring sekolah saya ada graduate pas lapor saya lapor offline,0,netral
puan syukur indonesia pasuk fase endemi covid kondisi anak ajar tatap muka ptm sekolah tenang puan layan indonesia,1,positif
macet sekolah kantor offline transportasi pada transport pribadi,-1,negatif
kangen deh piket kelas sapu lantai kotor kayak mulut saya sekolah iyapp corona dibolehin tatap muka saya masuk kelas ajar saya full bengkel saya kelas deh,1,positif
wkwk sekolah kali ah offline,1,positif
serius saya banget pas kelas daring tugass chat cowok suka tugas saya tugas chat seru banget saya kayak pas sekolah offline bicara sedih,-1,negatif
rek kerja sekolah kuliah offline please pakai masker jaga sehat hepatitis akut,-1,negatif
opini kesiap sekolah sambut ajar tatap muka tulis kelompok revi nurmilenia erlina dwi ambarwati nur azizah lanjut,0,netral
hai teman teman sekolah offline tugas banget tawar jasa joki tugas tawar pilih joki ringan tugas temanteman banget sila kunjung website,-1,negatif
senin ketua komisi pemelihan kabupaten brebes muamar riza pahlevi narasumber giat tatap muka sekolah pilih jurnalis warga kabupaten brebes ruang rapat kantor komisi pemelihan kabupaten brebes,1,positif
besok ku uji naik kelas tatap muka sekolah ulang ptm christyjkt,0,netral
puan syukur indonesia pasuk fase endemi covid kondisi anak ajar tatap muka ptm sekolah tenang kader partai demokrasi indonesia juang puan,1,positif
alam sekolah offline jaga bawa parasetamol minyak angin bantu turut kuliah offline,0,netral
kelas jaman sekolah offline,0,netral
mari ajar offline sekolah kelulus,1,positif
nder kasih daftar daring website offline sekolah pilih bawah kasih offline daftar buka jam jam offline luring,0,netral
sekolah offline aaaaaaaa mau daring,-1,negatif
iya sekolah offline,1,positif
tidur besok sekolah offline,1,negatif
sekolah offline minggu ketemu teman kock uji semester,0,netral
celah sekolah bawa fon je kena bully classmate barely a reason more like a wider medium and exposure to bully behavior celaka offline bully,-1,negatif
ri kota kabupaten jawa sumatra sekolah tatap muka,1,positif
sekolah offline pas saya lulus,-1,negatif
terap kurikulum merdeka sekolah dasar muhammadiyah ketel surakarta eksplorasi potensi unik individu siswa guru sesuai tuju capai,0,netral
ku semenjak sekolah offline kali nder,0,netral
sekolah daring kemarin saya fokus rl pas offline nolep,-1,negatif
puan syukur indonesia pasuk fase endemi covid kondisi anak ajar tatap muka ptm sekolah tenang kader partai demokrasi indonesia juang puan,1,positif
foto ambil sekolah offline sep,0,netral
aktif ekskul nyaman banget ekskulnya fasilitas lengkap banget greenhouse pus nyaman istirahat pus pulang sekolah ramerame bareng teman teman asikk offline,1,positif
apartemen langsung macet sekolah islam plus tk ajar tatap muka,-1,negatif
jujur saya batuk tenggorok gatal hari tolong daring duluugue rasa sekolah offlinegue kangen seragam gueegue kangen interaksi crush papa saya duit beli butuh back to schoolmasa ambil gara gara gjdi back to school,1,positif
gantung sekolah sekolah tengah juru masuk tes psikotes corona offline,0,netral
question saya tawur i my mom habis pulang sekolah main nongkrong pulang sekolah langsung les found out bimbel offline saya doang kelas,-1,negatif
sekolah tatap muka singkat libur covid lulus,0,netral
lapo pas bagi sekolah tatap muka ngerasakne kuliah offline ku turun ra koyok mbiyen maleh introvert e,-1,negatif
mingdep sekolah offline belah kanan priv accnya isha cerita,0,netral
maaf kinda post saldo uji sekolah offline tahun erti,-1,negatif
on the way muslimah bawel tertawa al azhar mesjid samping sekolah jaman trust issues urus kaji offline kali osd mampir sapa anak jaxel sok muslimah bawelthis acronyme for women who braveawesomewiseelegant and kalau profil suara,-1,negatif
tementemenku kerja sekolah kuliah offline please banget pakai masker jaga sehat hindar hepatitis akut,-1,negatif
amin terima kasih gelisah pas pat offline ulang sekolah,-1,negatif
christyjkt bangun pagi sekolah offline wkwk,0,positif
semenjak sekolah offline aktif jarang main,-1,negatif
bioskop ppkm level jabodetabek bandung semarang solo jogjakarta surabaya malang bal sekolah tatap muka cafe restoran pusat bugar mal bioskop songsong jakarta fair,1,positif
tambah asyik klise kesal kamu giat sekitar nderr offline sekolah kokk komunitas semangaattt,0,netral
sekolah offline capai double,-1,negatif
sekolah offline adik,0,positif
sekolah gabungg offline onlinee,0,netral
iya sekolah ngonser offline,1,netral
bad dayyyyy kacamata ku patah besok sekolah offline,-1,negatif
puan syukur indonesia pasuk fase endemi covid kondisi anak ajar tatap muka ptm sekolah tenang kader partai demokrasi indonesia juang puan,1,positif
jujur saya stres uji offline sekolah dosmaish asa ngang ngeng ngong doang batiba uji ottoke anjing saya semangat letoy,-1,negatif
christyjkt siang christy semangat christy sekolah offline christy hwaiting lupa makan siang gbu,1,positif
hueheueheueh study accord kerja sekolah tidur tonton yt tidur cerita ajar besok ulang offline,-1,negatif
blub blub blub blub blub blub blub blub blub pagi sekolah offline lupa sarap semangat,1,positif
saya berani media sosial doang pas sekolah offline lihat saya langsung lari,1,positif
wkwk iri banget sekolah wisuda offline sekolah saya hdbhshwb menang,1,positif
sekolah sampun dimilai offline wonten sepalih tiyang sepuh asli tiyang jawi saget krama saget ngajari putranipun wusananipun kang putra pikantuk nilai awon menawi sampun mekaten gurun ingkang dipunsalahaken video punika menawi dados semangat sinau boso jawi,1,positif
donggg sekolah classmeeting offline,0,netral
institusi didik abdi hilang sirna bangsa jajah sekolah tatap muka daring pancasila mana hati sang didik makan gaji gedhe doang jokowi,1,positif
puan syukur indonesia pasuk fase endemi covid kondisi anak ajar tatap muka ptm sekolah tenang puan pm,1,positif
christyjkt pas shonichi sekolah offline,0,netral
pas dibolehin sekolah offline pertama gim canggung,0,netral
christyjkt pagiii semangat sekolah offline kity,1,positif
but sometimes im glad that i got new friends this kayak teman pas sekolah offline kayak saya interaksi tahun gadapet teman,1,positif
sekolah offline,1,positif
offline,-1,positif
teman kabar sekolah uji pas offline h uji tanggap,0,netral
berangkat sekolah offline itungannya tahun sisa rumah,0,netral
abg saya kuliah offline jemput saya sekolah bimble malas gerak,-1,negatif
gara sekolah offline jarang banget buka twit,-1,negatif
semenjak adek saya sekolah offline alhamdulillah jastip jajan kantin saya kantin pas kelas habis uji semester saya banget,1,positif
ampun bebas buka masker tempat sepi sekolah offline eh,-1,positif
sekolah offline informasi diumumin daring,0,netral
offline minco sibuk ajar uji sekolah cocobit stok rumah pokok lewat semangat ajar pokok,1,positif
jujur pas sekolah daring ambisius sekolah offline materi masuk,0,netral
unty jaman sekolah offline pas guru nerangin ajar melek tidur,0,netral
hrt halo moots im sok maaf for being unactive lately hilang suasana hati buka twitter sekolah offline full saya cepat capek pat starting next week and i have to prepare the exams as well sok im pergi to take a rest,-1,negatif
banget kenang sekolah offline pakai series j jujur sedih sayang but perlu jamin tingkat speknya moga lirik admin,0,netral
mjb kak sekolah tuju daftar offline kak,0,netral
sekolah offline daring susah buka stan twit kangen hufr gebrak kak ichannya,-1,negatif
sepatu sekolah offline,1,positif
puan syukur indonesia pasuk fase endemi covid kondisi anak ajar tatap muka ptm sekolah tenang kader partai demokrasi indonesia juang puan,1,positif
sekolah offline jam badan saya remuk,-1,negatif
weh sekolah offline libur kerja rumah hari,0,negatif
sekolah offline enak,1,positif
pandang sekolah kat asia barcode tiap kelas mesti pc holder pasar i jenguk tt students letak code holder harap jual bebanyak kat offline store,0,netral
christyjkt sekolah offline semangat adik kity,1,positif
konspirasi weh habis covid terbit cacar monyet gejala huhu sekolah offline weh capek ngang ngmong rumah ett waspada gengs colong,-1,negatif
iya offline iya foto sekolah pakai green screen jadwal gbsa ngmpul banget,0,netral
konfirmasi hepatitis akut misterius anakanak iring laku ajar tatap muka sekolah orang tua waspada,-1,negatif
sekolah tengah negeri full tatap muka jam masuk jam pulang sekolah pe er,1,positif
alarm jaman sekolah offline,0,netral
januari sekolah kemarin sekolah offline masuk sekolah ketemu ayah telfonan hitung obrol aowkakwkwkwk,-1,negatif
tai gengmo ngepull albumm kebetulann beli wkwk balii jakarta susah ih sebentar sekolah offline kayak,-1,negatif
tugas madam bakar disinfeksi sekolah distrik putuo shanghai tiongkok timur jumat semprot disinfektan sekolah shanghai ajar tatap muka ptm,0,netral
tidur cepat niat wkwk besok sekolah offline,-1,negatif
puan syukur indonesia pasuk fase endemi covid kondisi anakanak ajar tatap muka ptm sekolah tenang kader partai demokrasi indonesia juang puan,1,positif
iya iri banget rasa sekolah full offline,1,positif
minggu sekolah offline minggu covid tau bablas lulus kangen sc yogyakarta,1,positif
gara gara sekolah offline saya makan,-1,negatif
sumpah jam ajar sekolah daring jam sekolah offline jam uji jam hari doang,0,netral
christyjkt pagi adik semangat sekolah offline,1,positif
for context schedule ku offline kelas sekolah weekday ekskul jam kerja tugas ajar les mandarin pekan kerja tugas ajar ulang rekat gereja parah weekday les kumon inggris libur isi les design,0,netral
makan siomay tim pakai campur kayak kubis kentang paria tim siomay giat kah habis giat langsung istirahat begadang besok sekolah offline lambat wkwk christyjkt,0,netral
sekolah offline zoom gmeet app guna wa,0,netral
daring sekolah offline deg deg melulu,-1,negatif
tani sekolah offline sekolah daring didampingin moga lancar,0,netral
ramai bocah sekolah dasar sekolah offline,1,positif
pas semester pas semester nge stuck ranking offline sekolah itu masuk full batas lulus wisuda umum kelulus,0,netral
besok sekolah offline daring,0,netral
by the way sekolah offline kah,0,netral
know sekolah tatap muka hitung tahun,0,netral
sekolah offline malas melulu sekolah daring ambisius,-1,negatif
wisuda offline lapang sekolah habis an teman saya ribut gedung syukur anjing,-1,negatif
christyjkt siang christy semangat sekolah offline giat,1,positif
kabar sekolah pat offline kasih informasi uji daring,0,netral
anak laki laki jelang sekolah offline banget upgradenya celoteh keeping eye contact bicara hari senang banget bongkar pasang puzzle gemas,1,positif
seko ajar pakai gawai kayak sekolah daring tuju ajar tatap muka murid temu langsung ajar sistem didik,-1,negatif
lupa sekolah offline,0,netral
sekolahkuliahkerja offline butuh banget flashdisk flashdisk sandisk gb harga ke kamu harga pasar ke buah sila dicheck out kakak sedia,0,netral
wkwk lucu dengar adik saya culture shock sekolah offline networking ceunah kunci kelas pusing kimia wkwk,-1,negatif
konspirasi weh habis covid terbit cacar monyet gejala huhu sekolah offline weh capek ngang ngong ngang ngong ett waspada gengs colong,-1,negatif
ajar uji offline sekolah djhsbssnbdbdb,-1,negatif
pas guru tatap tatap pasang muka ramah cerita habis sungjoon bicara pulang saya tunggu lapang sekolah,0,netral
christyjkt sekolah offline,0,positif
aduh kayak bunda bunda ekspatriat belanja bulan bekal anak anak masuk sekolah tatap muka,1,positif
christyjkt wedeh semangat njel seru banget sekolah offline,1,positif
ri kota sekolah daring tatap muka,0,netral
anak sekolah tatap muka senang banget eitss tatap muka lupa patuh protokol sehat jamin anak makan gizi sekolah kamu,1,positif
sekolah offline makan saya kayak pas sekolah dasar pendek,-1,negatif
sg teman teman sekolah classmeet offline iri dengki gede banget,1,positif
puan syukur indonesia pasuk fase endemi covid kondisi anakanak ajar tatap muka ptm sekolah tenang puan peduli orang cilik,1,positif
brokoli chickel teriyaki samboza sekolah offline rajin bekal,1,positif
sekolah offline nas,0,netral
positif thinking yedam sekolah musik offline,0,netral
konser pasar malam sekolah we tatap muka lihat bal ra galau sek cerak denggung bak orang,1,positif
christyjkt pagi adik mangatts sekolah offline,1,positif
aduh kadang kesal sekolah offline keren pas pagi doang pulang kucel,-1,negatif
main handphone hubung sekolah offline alas bocah cilik main handphone atur wkwk jadwal main handphone malam jadwal ajar selesai jam,1,positif
sekolah daring selesai offline daring,0,netral
offline sekolah tugas kelompok crush melulu eh pas teman tugas informasi cewek,1,netral
christyjkt semangat sekolah offline,1,positif
puan syukur indonesia pasuk fase endemi covid kondisi anakanak ajar tatap muka ptm sekolah tenang kader partai demokrasi indonesia juang puan,1,positif
sekolah graduation offline ngumumin h smansa doang,0,netral
sekolah offline,1,positif
kelas kayak orang ling lung sekolah offline rumah fokus ajar ganggu benar bingung banget hancur stres banget henti ajar sekolah uji cari cuan repeat lageee,1,positif
kusut sekolahkuliah offline,0,netral
kemarin aktif promosi zenru eh sekolah tatap muka,0,netral
sekolah offline semangat,1,positif
eh sekolah kayak sekolah ku negeri urus ppdb anak mpkosis tingkat daring offline,0,netral
sudahhh didik anak usia kb sekolah murid merdeka basis sekolah daring tahun juli pindah sekolah offline kelas tk a,0,netral
allah tolong saya sekolah offline saya mos saya offlineee,1,positif
malas banget pulang sekolah pramuka offline,-1,negatif
makan teman jual makan kering bumbu kayak makaroni pedas keripik balado popcorn sekolah offline insyaallah beli,1,positif
banyak sekolah offline kak,1,netral
iya sekolah offline,-1,positif
normal sekolah kuliah offline full wfo gakebayang semembludak jalan,-1,negatif
hai teman teman sekolah offline tugas banget tawar jasa joki tugas tawar pilih joki ringan tugas temanteman banget sila kunjung website,-1,negatif
cung pat offline sekolah,0,netral
sekolah uji kakak mahasiswa kerja offline budak korporat,-1,negatif
observasi sekolah offline,-1,negatif
pagi kak christyjkt semangat semangat sekolah offline,1,positif
kerja sekolah kuliah offline please pakai masker jaga sehat hepatitis akut,-1,negatif
puan syukur indonesia pasuk fase endemi covid kondisi anakanak ajar tatap muka ptm sekolah tenang puan peduli orang cilik,1,positif
senang banget sekolah ku tatap muka rasa duduk meja orang,1,positif
wkwk bisaaku pas kelas kemarin ribet banget sidang wisuda garing banget daring ih sakit hati sekolah tatap muka wisuda kelas daring,0,netral
selamat malam mohon perhati sekolah tabur bogor full time tatap muka metode ajar jarak jauh mana anak anak jenuh metode ajar jarak jauh samping sekolah ajar full time seko,1,positif
puan syukur indonesia pasuk fase endemi covid kondisi anakanak ajar tatap muka ptm sekolah tenang puan peduli tani,1,positif
pegang handphone pulang sekolah urus makan siang anak prepare kumon handphone pakai zoom beres anak offline kumon sibuk antar jemput,-1,negatif
outfit of the day ransel jalan sekolah kuliah kerja affordable offline,0,netral
daftar ulang offline kak sekolah tuju,0,netral
please rencana sekolah padat banget kangen suasana full offline,1,positif
puan syukur indonesia pasuk fase endemi covid kondisi anakanak ajar tatap muka ptm sekolah tenang puan peduli orang cilik,1,positif
gara teman sakit berngkat pas masuk sekolah offline,-1,negatif
saya pacar uwunya era offline nder jarang post media sosial real hadap orang kantin koridor teman guru sekolah saksi bisu pacar saya,1,negatif
christyjkt semangat adik sekolah offline,1,positif
sekolah offline maksud,-1,negatif
good luck dekel sekolah full daring pat offline saya nilai fisika saya,-1,negatif
dear guru saya pandemi sekolah offline kelas pas masuk kelas susun ulang hidup saya beranta banyak rumah puter ulang otak saya lambat pas kelulus susahin kasihan anak angkat saya anjing,-1,negatif
daftar ppdb jawa timur daring kak tinggal tunggu daftar daftar offline daftar ulang sekolah tuju,0,netral
jujur expect rank sekolah semester aihhh takut banget pat offline make handphone suka leggy labkom masuk angin,-1,negatif
saya mpls offline please lulus saya sekolah tenang,1,positif
pat sekolah saya offline saya banyakkkk banget interaksi mantan crush wowowow keren ayesha,1,positif
bagus siap sekolah tatap muka salah asumsi,1,positif
ppkm level jabodetabek terap ajar tatap muka sekolah,1,positif
antar riski sekolah offline kemarin menang kelas anak beliau nilai kosong semester beliau orang sakit kdd beisi handphone,0,netral
puan syukur indonesia pasuk fase endemi covid kondisi anakanak ajar tatap muka ptm sekolah tenang puan peduli orang cilik,1,positif
sekolah offline saya hari makan kali,1,negatif
kampussekolah full offline kampus semester offline huffttt kerjaa,-1,negatif
malam saya janji teman sekolah ambil ijazah saya izin dosen teman saya telpon maaf cha dosen saya masuk offline,0,netral
gantung topik jadi referensi hapus ilmu tahu alam ilmu tahu sosial spill utbk wisuda sistem zonasi uji sekolah cbt offline,0,netral
gila cuek banget bolos sekolah pulang pas kuliah offline semangat bolos pas onlineoffline malas banget masuk takut c,-1,negatif
ucap pakai sticky notes banget kopit tertawa zoom nyanyinyanyi sekolah kasih kue tatap muka batas sedikitannn sepi saya habis celaka bicara wkwk,0,netral
senang deh lihat orang pakai seragam sekolah kuliah offline,1,positif
iya gara gara sekolah offline,1,negatif
baca cari paudtk anak ragu tatap muka full tk coba lihat sekolah murid merdeka deh ambil reguler x minggu daring ambil kelas khusus literasi numerasi kelas luring hubung kota foundernya cikal,1,netral
turut sekolah offline banyak sekolah pulang jam sore itu ekskul maghrib pulang pensiun,0,netral
rasa banget minus sekolahkuliah daring maaf kerja orang lupa batas jam offline malam istirahat sungkan ganggu daring anggap rumah stand by handphone kadang,1,positif
sekolah les normal tatap muka,1,positif
kayak faktor saya sekolah offline malesss banget buka twit,-1,negatif
minggu main main rumah teman keluar juga sekolah offline minggu ke ke,1,positif
terima banget pas saya lulus giat offline sekolah anjing hsusheishsje,-1,negatif
i want to dye my hair to full blonde sok bad sekolah offline,-1,negatif
sksks gara wfo offline sekolah kuliah kangen banget vibes sbt ramai but oke life goes on sibuk,0,netral
pantau laksana ajar tatap muka ptm perintah pusat bersamasama perintah daerah sekolah jaga serta didik sebar sakit puan maharani,-1,negatif
konspirasi weh habis covid terbit cacar monyet gejala huhu sekolah offline weh capek ngang ngong ngang ngong ett waspada gengs colong,-1,negatif
jam nguantuk pol tidur dibangkukasur langsung fakotr masuk sekolah offline pat kali,-1,negatif
allah pas harap covid hilang hilang sekolah offline semenjak ayu lupa teman sekolah ketemu banding cemburu,0,netral
o tertawa sekolah saya offline uji daring,0,netral
akhrinya adik sekolah tatap muka sekolah daring,1,positif
puan syukur indonesia pasuk fase endemi covid kondisi anakanak ajar tatap muka ptm sekolah tenang puan peduli orang cilik,1,positif
tolong atulah anak rasa sekolah offline lepas masker gemeeeesssss,1,positif
oh iya jumat iyaiya sekolah offline wfo,1,netral
sibuk sekolah offline tugas banget,-1,negatif
deh lucu post benerbener lulus smantass kangen sekolah offline,1,negatif
kasitau kondisi offline sesuain compensation sekolah swasta internasional umrkonon digit,0,netral
akuisisi primagama sekrg anak sekolah offline bimbel ramai ajar langsung tatap muka ajar daring siswa sdsma kurang pilih ajar luring,1,positif
maaf wedeh sekolah offline yeayyy wkwk suka makan pedees yagesyaaa christyjkt,0,netral
id huhu sayang ku sekolah offline,1,netral
ppdb sekolah tengah juru slb jabartahun gelar daring orang tua serta didik daftar offline,0,netral
saya rasa pas sekolah offline jam kosong jam ajar manfaat guru ganti masuk sebentar pas negeri jam kosong jam istirahat pulang,1,positif
puan syukur indonesia pasuk fase endemi covid kondisi anakanak ajar tatap muka ptm sekolah tenang puan pm,1,positif
sekolah saya wisuda offline alias flop banget,-1,negatif
kumpul keluarga pas raya arisan makan jajan piknik sekolah offline ketemu temennnnn dream allo bank dream coba kerennnnnn suka,1,positif
hai teman teman sekolah offline tugas banget tawar jasa joki tugas tawar pilih joki ringan tugas temanteman banget sila kunjung website,-1,negatif
kasih sekolah offline malas banget bebas masuk eh pas offline seru ketemu r,1,positif
nder libur sekolah offline,1,positif
cari kantin bukaa soalnyaa pas offline jarang jajan kantin sekolah mahasiswa cari jajan informasi kantin bukaa sekolah daerah jakarta utara maakasih guysss,1,positif
bayang pas sekolah offline bawa bekal,1,positif
puan syukur indonesia pasuk fase endemi covid kondisi anakanak ajar tatap muka ptm sekolah tenang puan peduli orang cilik,1,positif
kamu masuk santai ajasih by the way daring offline butuh adaptasi iya saran akumah berekspektasi sisa kamu amat sekolah gaul gitudeh ide aktif,1,positif
allah gede kamu nder pakai kacamata buram banget coba tegesin ayah buram kayak hambat ajar sekolah offline lihat papan tulis,0,netral
sekolah offline jarang on tt mingdep uji naik kelas,-1,negatif
bun gek tatap muka suka nek kelas sekolah full siapsiap mamak,1,netral
puan syukur indonesia pasuk fase endemi covid kondisi anakanak ajar tatap muka ptm sekolah tenang puan peduli orang cilik,1,positif
butter pas pandemi sekolah darig kerja rumah streaming udsh offline streaming tunggu berea sekolahkerja,0,netral
bismillah gapyear sekolah laptop pengem banget ajar word excell ikut ekskuldi sekolah corona offline ajar excell word kelas daring mandiri,1,positif
berangkat sekolah wkwk kadang offline kadang daring capek banget by the way berangkat sekolah semangat streaming,1,positif
semenjak sekolah offline kayak jarang pakai,-1,negatif
turut jaman zaman daring sekolah tugas meet kayak sekolah ku hikd offline turut presentasi presentasi kelompok butuh laptop etik etik pakai handphone,1,positif
puan syukur indonesia pasuk fase endemi covid kondisi anakanak ajar tatap muka ptm sekolah tenang kader partai demokrasi indonesia juang puan,1,positif
woahhhh sekolah offline kah waaaaaah mangattt ness,1,positif
salah adaptasi pandemi tatap muka penuh sekolah anak jadwal kerja,-1,negatif
presentasi offline kayak sekolah maju beda,0,netral
gila doa virus uji daring egois mental uji offline sekolah rebah scroll tiktok,-1,negatif
isi kosong giat manfaat kembang minat bakat contoh sekolah eventseminarlomba offlineonline sender kuliahkerja banget giat dekat tuhan tenang nder,1,positif
senang banget saya anak sekolah offline saya bebas rumah,1,positif
tani jaman sekolah offline daring butuh nge tingkat yuk ikut challenge,0,netral
sidang offline berkas pas teliti pakai bawa teliti sekolah bawa lembar pretest posttest siswa,0,netral
puan syukur indonesia pasuk fase endemi covid kondisi anakanak ajar tatap muka ptm sekolah tenang puan peduli orang cilik,1,positif
christyjkt semangat sekolah offline kitty,1,positif
idol sekolah tatap muka awkward kayak kenal sekolah kayak murid reply teman,0,netral
sekolah minggu capek banget offline manusia kelas,-1,negatif
yakaann uji offline sekolah deg degan banget,-1,negatif
fess offline covid sekolah tutup buka minggu dadak ppsmb daring tahu berita bal offline,0,netral
puan syukur indonesia pasuk fase endemi covid kondisi anakanak ajar tatap muka ptm sekolah tenang puan peduli tani,1,positif
oh nder akhir semester distract uji sekolah kemarin minggu offline ganti uji praktik tryout provinsi hari,0,netral
sekolah saya kayak suruh anakanak sontek offline ngerjainnya pakai handphone,-1,negatif
amarusunshine ah lumayan kelas bosan banget sekolah offline susah tugas kelompok circlean main,1,positif
yeay episode borneo bekesah tonton kamu saudara laki iya alif tracy sharing sekolah onlinedan banding sekolah tatap muka relate banget tonton saudara laki,0,netral
puan syukur indonesia pasuk fase endemi covid kondisi anakanak ajar tatap muka ptm sekolah tenang puan peduli orang cilik,1,positif
tinggal pas sekolah offline orang circle ku nge fg semuaa peduli pindah sekte jepanganime manga,0,netral
daring main handphone nugas offline obrol muterin sekolah main handphone kantin tidur,1,positif
ih mah selaluuu sekolah offline kadang minum air lemon kelas,1,positif
saya dilemma banget anjing sekolah libur offline agustus libur juni juli sampeee visa student saya selesai orang rumah berangkat libur benar saya menang banget sesal,-1,negatif
tertawa minggu kasih uang jajan lupa sekolah offline,-1,negatif
sekolah surabaya anak kelas graduate offline sekolah ku daring anjing gemas banget,0,netral
sekolah offline kerja kuliah army streaming giat pas rumah rumah sekolah daring streaming kurang kirim menfess kes jatuh semangat,1,positif
mas lupa pakai sunscreen iya percaya banget sekolah offline panas belang banget minder,-1,negatif
laksana lomba hardiknas luring tatap muka sekolah cinta kasih tzu chi lomba cerdas cermat debat nyanyi,1,netral
konspirasi weh habis covid terbit cacar monyet gejala huhu sekolah offline weh capek ngang ngong ngang ngong ett waspada gengs colong,-1,negatif
kamu pintar wisuda offline wkwk sekolah,-1,negatif
christyjkt senin sekolah offline upacara gaktapi sekolah seru kantin buka semangat have a nice day kakak ci christy,1,positif
dear saran ngehilangin belang semenjak sekolah offline muka belang banget bingung atas,-1,negatif
senang banget sekolah offline jajanaaaaaan,1,positif
konspirasi weh habis corona terbit cacar monyet gejala huhu sekolah offline weh capek ngang ngong ngang ngong ett waspada gengs colong,-1,negatif
christyjkt full sekolah offline,1,positif
ri anakanak sekolah tatap muka min daring,0,positif
sekolah offline panas banget wkwk,0,netral
halo fm henti langgan first media koneksi internet rumah sekolah offline mohon bantu fm terima kasih,0,netral
sekolah saya banget sekolah full offline pat full daring rumah,1,positif
alhamdulillah bahagia nomin kabar buruk pas offline sekolah,-1,negatif
sekolah teman saya drad wisuda offline,0,netral
kayak sekolah ngizinin uji sekolah alas izin deh kecuali sakit uji susul uji offline butuh awas langsung uji jalan gaadil,0,netral
puan syukur indonesia pasuk fase endemi covid kondisi anakanak ajar tatap muka ptm sekolah tenang puan peduli orang cilik,1,positif
sekolah full tatap muka,-1,positif
jualann kayak makan makan ringan kayak cimol piscok offline lumayan lihat teman laku daerah nyesuain jajan cocok sekolah,0,netral
nightmare anjing deh tolong sekolah tatap muka buka kantin sekolah kereta swab mauuhiling,1,positif
sekolah solusi telepon genggam jadwal tatap muka murid fasilitas telepon genggam contoh desadesa telepon genggam orang tua kunjung guru prokes,1,positif
semenjak sekolah offline tidur siang harga,1,positif
rekan buana sadar jalan penuh rekan buana kendara pribadi transportasi anak sekolah ajar offline flashback rara caca,1,positif
seru giat untung pas kelas rasa sekolah offline semester wisuda acara pensi seru banget covid huhu,1,positif
daring offline sekolah kuliah,0,netral
changkyun stan giat ajar ajar tatap muka moga surup tempel jin sekolah,-1,negatif
sekolah besok upacara offlineonline,0,netral
ajar besok tanggal pat offline sekolah,1,positif
puan syukur indonesia pasuk fase endemi covid kondisi anakanak ajar tatap muka ptm sekolah tenang puan peduli orang cilik,1,positif
sekolah wisuda nder daring offline,0,netral
kerja sekolah kuliah offline lupa pakai masker,1,negatif
protokol sehat prokes laksana ajar tatap muka ptm penuh sekolah kota mataram,1,positif
offline daring wkwk sekolah pakai handphone,0,netral
eh sekolah offline,1,netral
sekolah offline uji doang,1,netral
huhu makasii semangat yobien takut banget besok uji naik offline sekolah uji daring,-1,negatif
kantin sekolah pas offline jual sekolah dibolehin mama sekolah kantin tutup c word,0,positif
paksa pakjangan rakyat uber kerumahdirazia dijalanananak buru seko intimidasi gurudiancam sekolah tatap muka dllyg sehat vaksin sila sehat alami paksa,-1,negatif
puan syukur indonesia pasuk fase endemi covid kondisi anakanak ajar tatap muka ptm sekolah tenang kader partai demokrasi indonesia juang puan,1,positif
christyjkt open joki sekolah offline direct message,0,netral
nder lingkung gaul cari hshsh seru sekolah offline,1,positif
aroma anak sekolah offline deh,-1,negatif
libur semester anak sekolah offline,1,positif
good night christyjkt rest well besok senin maksud bangun pagi sekolah offline upacara wkwk selamat tidur,1,positif
tokbuk langgan beli daring offline kesana beli buku sekolah,0,netral
puan syukur indonesia pasuk fase endemi covid kondisi anakanak ajar tatap muka ptm sekolah tenang puan peduli orang cilik,1,positif
hai teman teman sekolah offline tugas banget tawar jasa joki tugas tawar pilih joki ringan tugas temanteman banget sila kunjung website,-1,negatif
us kemarin pakai kertas uji offline kali sekian orang paham sekolah offline sem ptm alhasil paham bukti raport sem tinggi wkwk,1,positif
anjink murid butuh perhati khusus sekolah offline bye,-1,negatif
tertawa anjing cokkk semenjak sekolah kuliah masuk full tatap muka solo macettt anjing kali malam minggu macet cokk niat pasar malam kira macet pas masuk gerbang kraton macet situ serah,-1,negatif
banget gara gara pandemi seperti uji coba takutt banget berangkat keringet dingin daring masuk sekolah offline kambuh panik sekolah,-1,negatif
tahu ppg prajabatan sistem kuliah offline bentrok jam jam ajar sekolah,-1,negatif
iyapp smstr offline sekolah ruang kelas tingkat lanjut tingkat bangku kuliahh luluss deh kykk kemarin hibernasi besok kelulus,1,netral
turut tugas sekolah daring deh asa banding offline sekolah aneh,-1,negatif
i feel nderr sahabat niatin sekolah ilmuu nilai tinggal usaha bisa doaa biasa uji offline pas kuliah nyontekk berkah nilainyaa,1,positif
iya pas antar anak sekolah offline menang jalan,-1,negatif
pagi mas al azhar masuk sekolah offline muaceeeet pol,-1,negatif
pat offline kh pakai kertas daring sekolah,0,netral
puan syukur indonesia pasuk fase endemi covid kondisi anakanak ajar tatap muka ptm sekolah tenang puan peduli tani,1,positif
iya bawa anw kelas huhu semangat sekolah offline wkwk,1,positif
saya sekolah offline rasa nama sekolah,1,positif
moots doa bisr besok bstuk flu ku hilang rabu sekolah offline,1,positif
bayang sekolah daring tb tb patnya offline alias ngang ngong ngang ngong,-1,negatif
dindik kota madiun izin sekolah buka ppdb offline,1,positif
sekolah daring dengar pas offline,0,netral
ala bongkar identitas acil ah daring malas banget sekolah maaf sekolah offline ltlt sedih banget graduation pas pandemi farewell suka pergi kota,1,positif
butuh kelas buku utbk les onlineoffline try out yearbook purnawiyata bebas gantung sekolah masingmasing,0,netral
samping produkproduk usaha muslim pamer informasi sekolah sunnah talkshow bedah buku sayang hadir pamer buka daftar offline,0,netral
puan syukur indonesia pasuk fase endemi covid kondisi anakanak ajar tatap muka ptm sekolah tenang puan peduli orang cilik,1,positif
iyhhh kayak ribet offline pas sekolah hitung daring semester full off wkwk,0,netral
stres stres gila wkwk capek capek sekolah offline pulang langsung bimbel utbk jalan oh kelas kejut duga seru xixi,-1,negatif
profesional sekolah tatap muka covid marak beda dapat maki anak orang bego,-1,negatif
nderr ajar rasa koo pat offline ajar lihat hasil alhamdulillah syukur banget mampu ku manfaat banget sekolah ilmu,1,positif
semenjak sekolah offline maaf kasih saran atas,0,netral
negeri sulawesi selatan ppdb offline,1,netral
sekolah full offline ramai banget jalan,-1,negatif
daring sekolah tatap muka eh pas bijak tatap muka daring,0,netral
sekolah offline guru bimbel bingung sesuai jadwal banyak les bimbel sang anak wkwk,-1,negatif
kangen sekolah pas pandemi kangen pas sekolah offline,1,positif
beli laptop laptop pakai make laptop jarang semester sekolah offline,0,netral
masuk kuliah offline alam masuk sekolah menit henti jalan perut kram kepala putar diterusin jalan takut tabrak jatuh malu,0,netral
pagi sekolah offlinegt,1,positif
bebas buka masker sepi sekolah offline eh,1,positif
sekolah enak banget anjing uji offline pakai hplaptop saya pakai kertas tt,-1,negatif
puan syukur indonesia pasuk fase endemi covid kondisi anakanak ajar tatap muka ptm sekolah tenang kader partai demokrasi indonesia juang puan,1,positif
uji and actually not bad takut uji offline sekolah uji sekolah ngerjainnya pakai gform but remember kakak reggie said pana enteng if im not salah,-1,negatif
pandemi endemi pagi aktivitas mulia jam pagi lalulalang kendara ajar sekolah antar orang tua motor sekolah tatap muka buka,1,positif
good pagi on this foggy monday pagi christyjkt semangat sekolah offline main handphone kelas sita,1,positif
sekolah offline anak bolos nature is healing,-1,negatif
galau gara dreamies pakai acara sekolah senin offline,-1,negatif
terima kasih fotonnyaaa sekolah offline semangat christyjkt,1,positif
sekolah offline tta teror teror seru banget gilakkk moots hilang,0,netral
enas anjing wkwk saya suka orang kelas lumayan kali pulang bareng kelas daring full kontak kecuali sekolah kerpok diskusi kelas tatap muka batas saya suka,0,netral
mei srp usaha sekolah,0,netral
kayak sekian abad tonton konser offline tonton artefac daring ngegigs offline suara habis kaki saya gemetar wkwkwkwkwkwk partner nsy jaman sekolah goksss wkwk,0,netral
percaya hem pandemi beda sekolah swasta negeri adik swasta pas pandemi zoom pagi sore kelas offline ber pegang guru pas pandemi room zoom isi orang guru kontrol,1,positif
sibuk banget sekolah offline jani offline gaaaa,-1,negatif
bayang kelas daring guru ngangong banyak habis gara gara kendala teknis guru njelasin masuk otak kita malesan gara gara kelas jeder offline uji sekolah offline kejar utbk bayang stressnya kayak bgimana,-1,negatif
christyjkt sekolah offline selamat sekolah dedek,1,positif
sekolah uji daring besok senin suruh uji offline be like,0,netral
sekolah offline capek aduh,-1,negatif
saya seram pas sekolah offline seru,1,positif
akuuuuu skincarean ajar jarak jauh rasa sekolah offline,1,positif
i feel nder hasil bagus sontek percaya deh hasil usaha bangga puas ajar mudahin materi sekolah offline,1,positif
murid saya anak tabur sekolah offline misuh malas gerak tawur raga,-1,negatif
totebag muat siap sekolahkuliah offline a thread link,0,netral
puan syukur indonesia pasuk fase endemi covid kondisi anakanak ajar tatap muka ptm sekolah tenang puan peduli orang cilik,1,positif
myslf kadang pas lembur suka pikir tidur wkwk sekolah offline kurang tubuh kayak istirahat begadang kayak hilang,1,positif
eh anak sekolah dasar sekolah offline,1,positif
ajar fisika paham konsep ajar guru sekolah masuk otak besok pat fisika offline no contek contek sender duduk moga lekas sembuh mental sehat sender tolong bingung,-1,negatif
sbbb kakak aaaaa thankyouu banget kakak usaha kayak sekolah offline nyaman daring kelulus uji semester kakak semangat,-1,negatif
tertawa main pas jaman sekolah offline emosi cndy,0,netral
puan syukur indonesia pasuk fase endemi covid kondisi anakanak ajar tatap muka ptm sekolah tenang kader partai demokrasi indonesia juang puan,1,positif
nak wedhok sumeng pagi suruh sekolah daring offline sekolah teman ulanganaku susul repot oke fine kak langsung dropping sekolah sore kabar nak wedhok goes to dokter,1,positif
ih gapapaa sekolah offline on twit tt mingdep uji naik kelas,-1,negatif
kampung oke saya saya renov jarang kampung offline emosi banget pagi ketuk pintu bangun anak sekolah ribut hidup mati lampu tegur fuck,-1,negatif
bebas buka masker tempat sepi sekolah offline eh,1,positif
ayo donggg sekolah daring sekolah offline teman gaseruuu banget,-1,negatif
puan syukur indonesia pasuk fase endemi covid kondisi anakanak ajar tatap muka ptm sekolah tenang kader partai demokrasi indonesia juang puan,1,positif
anjjj sekolah offline rencana kemarin orang malas,0,netral
aktivitas offline kerja kuliah sekolah banding rumah stream pengaruh capa goals buruk,-1,negatif
wow kondisi anakanak ajar tatap muka sekolah tenang ringan beban anak orang tua jalan ajar jarak ajar jarak jauh puan solusi bangsa,1,positif
ily benerrrrrr bongkar rahasia sekolah offline wkwk,0,netral
puan syukur indonesia pasuk fase endemi covid kondisi anakanak ajar tatap muka ptm sekolah tenang puan peduli tani,1,positif
sekolah daring pakai aplikasi offline hadir,0,netral
tambah orang aktif wfo sekolah offline,1,positif
luring offline iya offline sekolah langsung,1,netral
yuhuuuuu episode tonton kamu saudara laki iya alif tracy sharing sekolah onlinedan banding sekolah tatap muka relate banget tonton saudara laki,0,netral
christyjkt enak lebih baik sekolah offline ketimbang sekolah daring,1,positif
percaya senang anak sekolah offline kesal macet dekkkkk pakai helm nungguan teman yaampunnn marah akun pulang kerja capek adik huhu tolong,-1,negatif
sekolah offline awal adegan tolong celaka kerja,1,positif
besok st day jenna sekolah offline maknya deg degan jiper,-1,negatif
diperlakukanya temu tatap muka seluruh sekolah harap program merdeka ajar jalan,1,positif
wahhhhh stay aman binnnn sekolah jam berapaaa iajdjjas maaf zhei curious zhei offline covid tt,0,netral
sekolah kerja offline,1,positif
puan syukur indonesia pasuk fase endemi covid kondisi anakanak ajar tatap muka ptm sekolah tenang puan peduli tani,1,positif
gapapaaa takut wkwk kali pat offline sekolah seram ajar doa semangaat yaaak,1,positif
emm dif offline pas daring tolong kasih foto teman pas ulang eh kasih donggg guru salah pakai baju sekolah asa kasih pap oi,0,netral
semangat sehat raih mimpi bintang takabur sukses offline school indah sekolah ajar tahu adab,1,positif
christyjkt oi toyy malas banget sekolah offline semangattt,-1,negatif
puan syukur indonesia pasuk fase endemi covid kondisi anakanak ajar tatap muka ptm sekolah tenang puan pm,1,positif
acara offline sekolah anak kelas semuaaaaaaaaaaaaaaa,-1,negatif
puan syukur indonesia pasuk fase endemi covid kondisi anakanak ajar tatap muka ptm sekolah tenang kader partai demokrasi indonesia juang puan,1,positif
ranah cuti sekolah minggu rakyat malaysia cut belanja offline,0,netral
ukk offline sekolah,0,netral
foto tugas sekolah ketemen kwwk foto papan tulis selagi kelss tatap muka wkwk video kenang sekolah kaliyaa,1,positif
kemarin beli illegal versi aman beli jalur legal mkr urus anak offline masuk sekolah,0,netral
ppdb kota yogyakarta simak jadwal ppdb tk sekolah dasar ppdb yoyakarta offline jalur,0,netral
sekolah offline susah lebih baik jual kitu reseller sekolah,-1,negatif
christyjkt anya sekolah offline,1,positif
koko sekolah daring lawan koko razia pas offline,0,netral
pas brangkat sekolah teman jemput arah saya enak kasihan kondisi saya iya mandi anjr tunggu lambat masuk utg coba offline,1,positif
kali coba bangtan sekolah offline,-1,negatif
pakai sepatu converse imitasi uang beli beli pas lulus sekolah pakai kuliah pas jaman offline salah semester saya kerja kelompok indekos saya,0,netral
pokok offline biar tenaga saya habis melulu pulang sekolah saya bodoh prokes,1,positif
mpls offline pandemi mpls daring sekolah cari panitia mpls offline panitia mpls yaynay,1,positif
sekolah offline kakak,1,positif
dindik kota madiun izin sekolah buka ppdb offline,1,positif
christyjkt pagi adik semangat sekolah offline,1,positif
hihi maaf off twitter masuk sekolah offline sibuk tenang buka slowresp jam malam fastresp,-1,negatif
ayo teman teman kening belang semenjak sekolah offline pakai sunscreen by the way butuh banget nyerahin bb,-1,negatif
maaf kelas selsai jam for yearsss sekolah saya pulang jam kurang jam and when yel were sleeping saya selsai sekolah jam andd optimal ajar sunyi fokus dibandingin offline school berisik ramai fokus,-1,negatif
kerja sekolah kuliah offline please pakai masker jaga sehat hepatitis akut,-1,negatif
kali presentasi tatap muka sekolah daring gilir bicara masker buka jujur saya buka masker kondisi wajah saya bagus saya percaya pas guru saya,-1,negatif
puan syukur indonesia pasuk fase endemi covid kondisi anakanak ajar tatap muka ptm sekolah tenang puan peduli tani,1,positif
kayak pas sekolah offline wkwk langsung les capek banget sangka libur karantina,-1,negatif
iri banget adik kelas wisuda offline angkat saya cancel anyway selamat adik adik sekolah pandemi susah enak gabutnya wkwk moga lancar studi karirnya lulus sekolah ribet bosss siapppp kwkwkwk,1,positif
ppdb jabar daftar offline sekolah ambil pilih,0,netral
guru matematika pas sekolah offline nerangin materi kelas murid respon,0,netral
kangen banget paraaaaah tt sekolah offline sibuk deh huhu,-1,negatif
konspirasi weh habis covid terbit cacar monyet gejala huhu sekolah offline weh capek ngang ngong ngang ngong ett waspada gusy,-1,negatif
tertawa onlineoffline sekolah wajar bingung mksndya ajar rumah daring libur,0,netral
syapa bingung takut nilai geblog ulang offline pakai tab sekolah handphonenya kumpul kerja scroll tiktok pikir,-1,negatif
kesal gara covid sekolah offline gabung kelas smstr kelas doang fakk nolep,0,netral
mas kayak sekolah tatap muka coroncesss hilang sungjin aiihhh virus cinta ngreog mas,0,netral
puan syukur indonesia pasuk fase endemi covid kondisi anakanak ajar tatap muka ptm sekolah tenang puan solusi bangsa,1,positif
ulang sekolah ramai banget offline,1,negatif
bego daftar offline sekolah tuju kasih dokumen persyaratanjalur rapotamp juara bodoh erti,0,netral
kenduri kendara pon sekolah no wonder results spm offline daring harap daring iya takut niii,-1,negatif
sekolah resmi ajar tatap muka paham guru asli guru lamakelamaan adaptasi anak senang ajar saya saya banget pas saya resign sedih,1,positif
alhamdulillah kemarin kakak cantik order order harga rbpouch sayang berat gede jual kamu sekrg sekolah tatap muka harga jual beda minimum ordera yuk order momo,0,netral
sekolah tatap muka,1,positif
sekolah offline kayanyaa huhu,-1,negatif
lancar seru sekolah offline kangen sekolah bad cepat gede ayanggg hihi enak anak sekolah,1,positif
uang seragam hubcabang offline fasilitas anak ajar suka visi misi anak kembang disamaratakan mampu sekolah sulung,1,positif
puan syukur indonesia pasuk fase endemi covid kondisi anakanak ajar tatap muka ptm sekolah tenang kader partai demokrasi indonesia juang puan,1,positif
perintah mengijinkan sekolah laksana ajar tatap muka jaga sehat anak pasti ikut tips soebat sehat,1,positif
jadi teman jemput grabcar rumah bapak anak sekolah offline teman anak maaf eh suami antar teman kerja teman single,0,netral
resah anak sekolah offline pengaruh bilang buruk siswa umur paut anak,-1,negatif
siswa sekolah dasar tengah ajar daring rumah senin juru bicara perintah beijing xu hejian,-1,negatif
bb rekomendasi moisturizer orang serum bagus kulit belang semenjak sekolah offline jidat sender belang banget,-1,negatif
saya angkat corona sekolah full tatap muka setahundua saya daring saya interaksi teman teman kelas chat kebanyakantapi rela pisah sekolah tengah juru saya smkyadikamdo warna,0,netral
prefer uji daring sekolah orang uji offline pakai kertas sekolah,0,netral
alhamdulillah banget syukur ptm laku ajar senang anak sekolah offline,1,positif
sekolah tatap muka terima sabtu libur,0,netral
gila seperti saya sekolah offline,-1,negatif
sekolah offline google classroom tugas,0,netral
aaaaa sekolah offline saya full,-1,negatif
iya sekolah mbak offline sklhnya,0,netral
bagus pagi semangat pat daftar ppdb sekolah offlineonline wish luck and have a great monday,1,positif
woiii besok saya sekolah tatap muka degan banget,-1,negatif
libur sekolahhhh akhirnyaaa les libur lega emak pikir kerja rumah google meet zoom google classroom absensi isi borang skrining daring ptmt moga next academic offline masuk sekolah fulllll,1,positif
sksksks pikir kuliah offline gmnaa saya tinggal rumah emak buru buru sekolah sekolah beda kota suap huhu,0,netral
negeri sulawesi selatan ppdb offline,0,netral
konspirasi weh habis covid terbit cacar monyet gejala huhu sekolah offline weh capek ngang ngong ngang ngong ett waspada gengs colong,-1,negatif
panic attack kambuh pas sekolah offline ngelampiasinnya buku oke repot orang,-1,negatif
sekolah kuliah offline pas butter daring,0,netral
tani jaman sekolah offline daring butuh nge tingkat yuk ikut challenge,0,netral
nder sekolah offline kerja rumah beda kurang menfess kayak kasih semangat streaming jadi beban,1,positif
sekolah offline ajar sempoa kangen murid hebat hhehe,1,positif
puan syukur indonesia pasuk fase endemi covid kondisi anakanak ajar tatap muka ptm sekolah tenang puan peduli tani,1,positif
ikut sedih lucu kondisi bocah jalan hidup sekolah tatap muka teman ajak tantang truk teman,0,netral
offline kemarin corona marak sekolah mau offline,1,positif
aduh jumat sekolah offline ku usahain premier,-1,negatif
sebentar banget bukti kelas takut banget masuk sekolah banget masuk offline kelas,1,positif
saya diet sekolah offline,-1,negatif
terima sakit hati suka wkwk aneh janani pikir ku suka semester kelas sekolah offline pikir ketemu,0,netral
oh oke oke pikir ulang offline sekolah,0,netral
puan syukur indonesia pasuk fase endemi covid kondisi anakanak ajar tatap muka ptm sekolah tenang puan peduli orang cilik,1,positif
maksud kuliah kerja sekolah offline urus sibuk,-1,negatif
daring store nder offline store jual kayak toko lengkap pramuka pas jaman sekolah beli sepatu lomba paskib,0,netral
kaji kesiap wacana sekolah tatap muka partai adil sejahtera jawa timur gelar webinar via,0,netral
puan syukur indonesia pasuk fase endemi covid kondisi anakanak ajar tatap muka ptm sekolah tenang puan peduli layan,1,positif
ppdb sekolah dasar yoyakarta buka sistem rto daring offline simak syarat daftar daftar sekolah dasar ppdb rto yoyakarta,0,netral
sekolah offline seru milik teman mudah erti banding daring,1,positif
sebentar doang sekolah offline ngangong,1,positif
loml iyaudh offline pulang sekolah,1,positif
christyjkt selamat enjel semangat enak sekolah offline,1,positif
pusing pilih tas sekolah beli daring offline,0,netral
hasil antigen minggu susah dad syarat masuk anak kelas offline wajib tes lab boleh tes mandiri murah jalan masuk sekolah jarang improvement ada,1,netral
gubernur jawa timur khofifah indar parawansa kabar kabupatenkota jawa timur masuk status ppkm level giat laksana tatap muka ptm sekolah gelar persen,1,positif
semangattt sekolah offline ulngn,1,positif
hidup normal hadap macet sekolah kuliah ngantor laksana tatap muka,1,negatif
wkwk saya introvert semangat sekolah offline sosialisasi ilmu nomor,1,positif
sekolah offline,1,positif
mem driverny kurang kayakny anak sekolah full offline habis saya lihat pagi mzr kayakny gojek banget antar siswa sekolah,1,positif
sekolah tertawa hihi uji semester offline,0,netral
urus siswa anak medot sekolah alas suka ajar jarak jauh ingin ptm gilir ptm mau medot medot alas nyaman giat ajar ajar offline mau ajar jarak jauh sambi main game daring,0,netral
temanteman kerja sekolah kuliah offline please pakai masker jaga sehat bersih hepatitis akut,-1,negatif
sekolah wilayah jabar aju giat ajar ajar tatap muka dukung maju nusantara,1,netral
puan syukur indonesia pasuk fase endemi covid kondisi anakanak ajar tatap muka ptm sekolah tenang puan solusi bangsa,1,positif
saya cello helga paket rumah saya sekolah offline pindah kota paket kirim saya senang banget buka paket wrwrwrwr,1,positif
jangaaaan anak gakjadi sekolah offline bayar mahal,1,positif
sekolah offline jdwal sekolah tugas tumpuk close free open fast resp jadwal open ambil mana free nder,0,netral
puan syukur indonesia pasuk fase endemi covid kondisi anakanak ajar tatap muka ptm sekolah tenang kader partai demokrasi indonesia juang puan,1,positif
kahskshsj sekolah offline sebal,-1,negatif
puan syukur indonesia pasuk fase endemi covid kondisi anakanak ajar tatap muka ptm sekolah tenang kader partai demokrasi indonesia juang puan,1,positif
part pulang kampung gara gara sekolah offline,-1,negatif
heran apaapa takut takut takut takut ppak cuuuyy kuliah offline kayak sekolah ruang normalisasi,-1,negatif
today situation juggling kerja urus sekolah kakak offline riwa riwi the other partij siap world tour the other partij,0,netral
saya pikir teman teman gara gara sekolah offline uji pas butter serba daring,0,netral
yay saya offline soalnyy kemarin teman saya studytour bawa itu seperti paketny langsung kirim sekolah saya boarding erti gara gara lempar banting kamera pakai,0,netral
semangat christyjkt sekolah sekolah offline by the way sore giat,0,netral
tertawa besok saya benar wisuda aduh saya isi daring ketimbang tatap muka sekolah jujur,1,positif
nder offline biasa bekal sekolah,1,positif
anak sekolah aktif offline macet parah banget plizz,-1,negatif
puan syukur indonesia pasuk fase endemi covid kondisi anakanak ajar tatap muka ptm sekolah tenang kader partai demokrasi indonesia juang puan,1,positif
pantau minggu sekolah offline full day tangan ombre,-1,positif
pulang sekolah ajak tatap muka dua kelas anak anak masalah sadar salah sadar orang tua peduli sayang hilang semangat ajar faktor,0,netral
sekolahkuliah offline cung,1,netral
gcfs sekian sekolah tatap muka kelas tarik tuju,1,positif
sekolah offline,1,positif
minggu minggu pandemi minggu normal kuliah offline kerja kayak anak sekolah masuk handphone daring rasa masa,1,positif
wkwk buna mah adik al sekolah offline bun,0,negatif
tolong deh anak girang pagi tenang sekolah tatap muka normal jalan,1,positif
pandemi reda sekolah offline deh sulit adaptasiin fisik mental loyo santai santai,-1,negatif
puan syukur indonesia pasuk fase endemi covid kondisi anakanak ajar tatap muka ptm sekolah tenang kader partai demokrasi indonesia juang puan,1,positif
sekolah offline full capai,-1,negatif
waspadacacarmonyet aduh ampun konspirasi weh habis covid terbit cacar monyet gejala huhu sekolah offline weh capek,-1,negatif
santai jam sekolah daring enak offline bolak,-1,negatif
puan syukur indonesia pasuk fase endemi covid kondisi anakanak ajar tatap muka ptm sekolah tenang kader partai demokrasi indonesia juang puan,1,positif
puan syukur indonesia pasuk fase endemi covid kondisi anakanak ajar tatap muka ptm sekolah tenang kader partai demokrasi indonesia juang puan,1,positif
mplsacara sekolah offline,0,netral
pas daring uji sekolah ku make quizizz offline make quizizz,0,netral
puan syukur indonesia pasuk fase endemi covid kondisi anakanak ajar tatap muka ptm sekolah tenang puan peduli tani,1,positif
sekolah offline tugas video presentasi,0,netral
anjing sekolah wisuda offline jalan jalan bal,-1,negatif
kakak kelas nder pasti sekolah offline jaman daring jomlo,1,positif
christyjkt pagi njel semangat sekolah offline,1,positif
efek sekolah offline pintar,-1,negatif
sekolah offline,-1,positif
konspirasi weh habis covid terbit cacar monyet gejala huhu sekolah offline weh capek ngang ngong ngang ngong ett waspada gengs colong,-1,negatif
kelas asa banget circlean circle nimbrung bareng kangen kemarin potong pandemi coveed suka sedih bayang pas sekolah offline,1,positif
puan syukur indonesia pasuk fase endemi covid kondisi anakanak ajar tatap muka ptm sekolah tenang puan peduli tani,1,positif
kerja sekolah kuliah offline rumah aktivitas pakai masker jaga sehat hepatitis akut,-1,negatif
fmr surabaya ajak kawan capai sosialisme ikut sekolah politik hari sekolah offline,0,netral
asyik banget sekolah offline,1,positif
bebas buka masker tempat sepi sekolah offline eh muncul,1,positif
puan syukur indonesia pasuk fase endemi covid kondisi anakanak ajar tatap muka ptm sekolah tenang kader partai demokrasi indonesia juang puan,1,positif
haloo kakak sekolah ada pensi offline gs the overtunes minatt banget click link kak,1,positif
saran saya nder sekolah langsung verifikasi data manua saya siang daftar senin accord daftar offline langsung hijau kasih kertas daftar,0,netral
puan syukur indonesia pasuk fase endemi covid kondisi anakanak ajar tatap muka ptm sekolah tenang puan peduli orang cilik,1,positif
main bola futsal les bilang alih baik darimg sadar sekolah offline kaget sebelumny pikir daring lulus,0,netral
sekolah offline sebentar kenang,1,positif
wkwk anjing saya keluar keluh kesah sekolah saya doang uji offline pakai kertas ljk jujur sekolah daring masuk otak maaf banget shock pakai ljk,-1,negatif
sekolah international internasional kurikulum bla bla bla periksa alternatif sekolah rasa kurikulum sekolah anak saya blended learning offlineonline,0,netral
adil sekolah daring offline susah banget jujurly nyaman daring,-1,negatif
i hope everything gets better sekolah offline sedih hilang,1,positif
puan syukur indonesia pasuk fase endemi covid kondisi anakanak ajar tatap muka ptm sekolah tenang puan peduli tani,1,positif
susah naik durasi menit durasi pengaruh views army anggur jaman dynamite butter cepat banget work from home sekolah daring offline,0,netral
dom daring berangkat sekolah sekolah pakai kertas offline,1,positif
kemarin pas kakak perempuan wina bandung suami semangat kerja deh orangorang libur bandung yoyakarta singapura sadar libur anak sekolah offline piraku sakola liburannnn,0,netral
pat offline sekolah pasrah nilai na menang,-1,negatif
merekaaa kayak lihat kangen sekolah offline aduh,1,positif
anjing coy sekolah offline kelas wifi alias kelas saya,-1,negatif
syukur iya minggu pat besok beres aman habis giat sekolah onlineoffline,0,netral
puan syukur indonesia pasuk fase endemi covid kondisi anakanak ajar tatap muka ptm sekolah tenang puan peduli orang cilik,1,positif
kangen sekolah offline alskslslsl,1,positif
bisabisanya sekolah pisah offline sekolah ku daring sedih daring tt,0,netral
puan syukur indonesia pasuk fase endemi covid kondisi anakanak ajar tatap muka ptm sekolah tenang kader partai demokrasi indonesia juang puan,1,positif
sekolah offline full capai,-1,negatif
cek jadwal syarat daftar ppdb yoyakarta non rto ppdb offline yoyakarta lengkap jalur buka via detikedu,0,netral
sekolah full tatap muka yuk siap makan halal thoyyib untukananda,1,positif
puan syukur indonesia pasuk fase endemi covid kondisi anakanak ajar tatap muka ptm sekolah tenang kader partai demokrasi indonesia juang puan,1,positif
puan syukur indonesia pasuk fase endemi covid kondisi anakanak ajar tatap muka ptm sekolah tenang puan peduli tani,1,positif
pindih sekolah ku offline,1,positif
sekolahkuliah offline mandi siang kali,0,netral
kasihan murid saya dibolehin orang tua sekolah offline stay rumah kelas daring,1,positif
puan syukur indonesia pasuk fase endemi covid kondisi anakanak ajar tatap muka ptm sekolah tenang puan peduli tani,1,positif
christyjkt semangat sekolah offline sulit,1,positif
miris didik jaman penting gadged didik maaf usir tahun sekolah daring memilikihpandroid ampsaat ajar tatap muka memilikiseragamamp lengkap sekolah,0,netral
sekolah offline senang,1,positif
puan syukur indonesia pasuk fase endemi covid kondisi anakanak ajar tatap muka ptm sekolah tenang puan peduli tani,1,positif
saya kerja tutor daring offline musim utbk pasu lobus sekolah orang sepi pasu kadang sereeeet banget,1,positif
christyjkt sekolah offline,1,positif
puan syukur indonesia pasuk fase endemi covid kondisi anakanak ajar tatap muka ptm sekolah tenang puan peduli orang cilik,1,positif
cai bukaaan ulang sore habis sekolah offline,0,netral
efek sekolah tatap muka kali,1,positif
kelas aktif ngekpop kelas wkwk ajar enjoy bina matik ekstra tari aktif banget tampil kayak beban seru mpls pta mopks latih paskib sekolah offline fullday minggu car free day,0,netral
puan syukur indonesia pasuk fase endemi covid kondisi anakanak ajar tatap muka ptm sekolah tenang kader partai demokrasi indonesia juang puan,1,positif
sekolah offline,0,positif
kita usaha streaming kayak paksa peringkat sekolah tatap muka uji kerja full wfo peringkat turun moga semangat myyy,0,netral
offline nder kemarin sekolah banget anak orang tua sekolah tapiiii deng,1,positif
puan syukur indonesia pasuk fase endemi covid kondisi anakanak ajar tatap muka ptm sekolah tenang kader partai demokrasi indonesia juang puan,1,positif
puan syukur indonesia pasuk fase endemi covid kondisi anakanak ajar tatap muka ptm sekolah tenang puan pm,1,positif
ily samaaa pas sekolah offline,1,netral
instansi didik indonesia aktiv ajar sekolah offline sepatu barugirls langsung cek linknya,1,positif
christyjkt cieee sekolah offline semangat lupa sarap,1,positif
saya rasa sekolah offline eh kopit sekolah rumah pas lulus kangen jaman sekolah rasa doang sekolah offline,1,positif
rl guru sekolah offline kasih alas,0,netral
pokok pas pandemi kuliah sekolah offline sibuk tugas kakak sekolah offline anak kerjain tugas guru lempar buku kata ejek menang anjing,-1,negatif
hows your day tementemen alhamdulillah sekolah tertawa hihi rate tugas pusing oke i enjoy the process minggu pat offline sekolah metode daring handphone semangat all,1,positif
army lini sepi heboh heboh karantina kerja sekolah les offline seperti but bts army still the nguasain tren chart favorit huhu salty iya,1,positif
ayo absen sibuk batukpilek bapil serang suami huhu bapil musim bu oleholeh libur kemarin tambah anak aktif sekolah tatap muka,-1,negatif
saya kaget banget pas sekolah offline tingkat kemarin dekel canda teman saya teman twerking muka saya saya duduk lantai,0,netral
sekolah kota madiun buka ppdb offline,0,netral
did great for this monday yel lupa istirahat minum vitamin kuliahsekolah offline yorobun,1,positif
rilll coy semenjak sekolah tatap muka cepat antuk,-1,negatif
puan syukur indonesia pasuk fase endemi covid kondisi anakanak ajar tatap muka ptm sekolah tenang puan pm,1,positif
konspirasi weh habis covid terbit cacar monyet gejala huhu sekolah offline weh capek banget kenal teman pokok mesti stay aman teman teman,-1,negatif
christyjkt seru adik semangat sekolah offline dedek,1,positif
semenjak sekolah full day offline nge fangirl,-1,negatif
lihat orang wisuda offline seru sekolah,0,positif
informasi jual flashdisk sandisk gb harga pasar kamu cocok wfo sekolahkuliah offline sila beli shopee sedia shopee,0,netral
saya kampung terang anak masuk sekolah tatap muka smester saya tokoh orang udik suka pikir kritis,0,negatif
srkng fokus script isiny revisi revisi revisi ayo doa moga besok revisi amin soalny sekolah jam offline anjrtt aaa habis santai sebentar main game jam ngeberesin jurnal script,-1,negatif
laksana lomba hardiknas luring tatap muka sekolah cinta kasih tzu chi lomba cerdas cermat debat nyanyi,0,netral
recap like i said about days ago saya konten study progress and here it is saya sekolah offline sore langsung pergi sb homework saya numpukk anw bahagia satnight and rest well lt,1,positif
ppkm level jabodetabek terap ajar tatap muka sekolah,1,positif
selesai pat kemarin jumat masuk saya susul susul matematika besok jam pagi sekolah offline doa moga susah,1,positif
dungakno mben sekolah offline e lancarseger waras,1,negatif
brain academy semester ajar mipa ajar sekolah pas semester intensif utbk ajar soshum brain academy offline nder les offline ruangguru detail direct message,0,netral
maaf curhat base bingung cerita anw uji offline sekolah,-1,negatif
kakak sedih banget jujur kangen banget sekolah offline on twit mingdeo uji naik kelas huhuhuh tt,-1,negatif
gara masuk offline saya puas oi sekolah saya pakai seragam saya ajar rasa pas saya modusin crush saya art show jabajo,1,negatif
hai teman teman sekolah offline tugas banget tawar jasa joki tugas tawar pilih joki ringan tugas temanteman banget sila kunjung website,-1,negatif
semangat sekolah offline adik christyjkt,1,positif
iya semenjak covid turun hilang anak sekolah masuk offline jalan macet,-1,negatif
satusatunya sekolah jenjang smasmk pakai skema offline,1,positif
sekolah offline semangat sekolah toy christyjkt,1,positif
asli beli offline tagih banget ngoleksi kesal jaman sekolah nemunya,0,netral
gays cari tiket im day vip harga sesuai web rupiah tiket jual kabar ajar sekolah ku suruh masuk offline cari tiket direct message terima kasih,-1,netral
dear kak min twit mohon informasi beli tas sekolah anakanak offline,0,netral
jual telepon genggam laptop sekolah offline,1,positif
sistem cbt pakai wifi lokal sekolah wifi buka web kecuali web uji kayak offline,0,netral
sekolah ajar pmp mbok ngapunten asuh keluarga offline mata ajar sekolah mbok,0,netral
masuk sekolah uji semester offline,-1,negatif
ajar sekolah cari anak ajar pas sekolah offline pas uji usir,-1,negatif
ingin kemarin sekolah offline jam,1,positif
dijuaaaaal sepatu ventela kalau black cocok rekomendasi kuliah offline sekolah offline shopeee ygy,0,netral
sekolah laku ajar tatap muka ptm murid ajar jarak hybrid cips survei orang tua murid kait bijak didik pandemi,1,positif
saya masuk sekolah offline ajar kayak saya pintar erti materi kayak anjing saya pintar,1,positif
gelar serentak disdik gowa pantau uji sekolah tatap muka,1,positif
christyjkt cieee sekolah offline semangat sekolah offline christy,1,positif
nyaman banget onljne sekolah offline april kayak ampun kuat tsay daring,-1,negatif
sekolah offline capek senang jalaninnya makan cilok kuah tonton anime favorit kak ayo coba cilok kuah rumah wkwk dunia tt,1,positif
puan syukur indonesia pasuk fase endemi covid kondisi anakanak ajar tatap muka ptm sekolah tenang puan peduli orang cilik,1,positif
puan syukur indonesia pasuk fase endemi covid kondisi anakanak ajar tatap muka ptm sekolah tenang kader partai demokrasi indonesia juang puan,1,positif
puan syukur indonesia pasuk fase endemi covid kondisi anakanak ajar tatap muka ptm sekolah tenang puan peduli tani,1,positif
alhamdulillah anak semangat sekolah new normal pagi tawar daring offline pilih offline semangat turun kasih pilih henti sekolah pindah sekolah sekolah,1,positif
uji kayak uasuts offline sontek kayak jaman sekolah salty,0,netral
campur neng contoh ketemu crush sekolah jiakh tegang contoh ulang offline sedih contoh pas ulang sadar materi masuk alias anjing banget saya bodoh banget loh stres contoh pikir mana habis,0,netral
buibuk grup kelas pas umum ajar sekolah full offline,1,netral
ikut jam sekolah offline kak,0,netral
dipikirpikir agenda ajar sekolah ajar les private teliti dosen tim akreditasi nasional internasional program kreativitas mahasiswa dana agenda program kerja offline himpun kuliah cium baubau offline,0,netral
offline sekolah pakai kertas bawa handphone kesal,-1,negatif
ajar tatap muka ptm jalan ayah bunda sehat fisik mental sekolah yuk diskusi sehat anak ptm citra amelinda sp a instagram live besok catat,1,negatif
i did it habis sekolah daring benar mudah sekolah dasar peringkat rendah gara gara sekolah offline ancam kelas,-1,netral
sekolah offline libur besok libur weg,-1,negatif
jujur semenjak saya sekolah tatap muka saya senang sekolah direct message jarang banget jam kosong mata ajar jurus neranginnya saya paham,1,positif
puan syukur indonesia pasuk fase endemi covid kondisi anakanak ajar tatap muka ptm sekolah tenang puan peduli orang cilik,1,positif
gapaoa sekolah offline rajin,1,positif
sekolah tatap muka pas anak seru teman guru eh kelas salut banget guru tk hebat cipta bonding murid banyak daring,1,positif
ri pas surat pemberitahuan tahun menteri bijak buka kelas atur pemkabpemkot terap mll disdik sekolah coba bicara sekolah pertengahanakhir ofline prokes moga offline senang,1,positif
enak offline materi lumayan erti capek banget pulang sekolah,1,positif
christyjkt pagi semangat todayy semangat sekolah offline,1,positif
christyjkt semangat sekolah offline,1,positif
anak sekolah saya rasa hikmah ajar tatap muka kang jajan the perks of rumah samping sekolah wkwk,1,positif
sekolah saya ulang offline,0,netral
eh kemarin pas sekolah offline pas pulang langsung kapar tidur libur kerja tonton doang deh,-1,negatif
puan syukur indonesia pasuk fase endemi covid kondisi anakanak ajar tatap muka ptm sekolah tenang puan solusi bangsa,1,positif
circle sekolah offline full day tidur siang minum kopi habis isya tidur bangun produktif sekolah dasar,1,positif
kasihan sekolah offline ngabisin media sosial yajadinya parah nyontoh baik,-1,negatif
puan syukur indonesia pasuk fase endemi covid kondisi anakanak ajar tatap muka ptm sekolah tenang puan peduli orang cilik,1,positif
offlineeeee xx selasa sekolah offline,0,netral
pagi rek barangkali teman sekolah cari bimbel siap ajar banget jadi brain academy offline opsi informasi harga matursuwunn,0,netral
salah satu offline sekolahkursus,1,positif
tidur besok sekolah offline by the way maaf twitan ku galau brutal hujat kakak,-1,negatif
efek sekolah kuliah daring orientasi studi kenal kampus kena orientasi studi kenal kampus ajar sopan santun etika tatap muka,1,positif
sekolahkuliahkerja offline butuh banget flashdisk flashdisk sandisk gb new ke harga pasar ke kamu langsung co syopi jb,0,netral
christyjkt sekolah offline semangat nona,1,positif
puan syukur indonesia pasuk fase endemi covid kondisi anakanak ajar tatap muka ptm sekolah tenang puan peduli tani,1,positif
puan syukur indonesia pasuk fase endemi covid kondisi anakanak ajar tatap muka ptm sekolah tenang puan peduli tani,1,positif
oemji notice iya kemarin overwhelmed rl jarang buka telepon genggam sekolah ajar uji wkwwkkw uji offline takut,-1,negatif
puan syukur indonesia pasuk fase endemi covid kondisi anakanak ajar tatap muka ptm sekolah tenang kader partai demokrasi indonesia juang puan,1,positif
alam sekolah offline kemarin belang hilang semenjak sekolah daring make skinker ksk skinker doangpdhl pas offline pakai sunscreem reapply saran istirahat wakth isoma pakai ulang nder rajin masker,0,netral
kali sekolah offline kelas penuh,1,positif
sekolah semangat kiki wkwk cororong minggu full kuliah offline,1,positif
sumpah sistem sekolah adik saya aneh banget sekolah offline jam jam ajar jam malam kasih tugas uji semester kayak minggu uji semester ajar surat pemberitahuan tahun,-1,negatif
libur sekolah offline raya cc,1,positif
sekolah offline malas,-1,negatif
pat day offline pakai tablet sekolah doa,1,positif
kontol banget sumpah psbb sekolah offline mei saya menang kejer kamar mandi bekep mulut saya saking mau sekolah enak bicara doang kena mental fuck orang mental mental jajah kayak mmk,-1,negatif
tugas offline hardpaper presentasi kayak pas sekolah,0,netral
sekolah saya pat offline kasih orang tab uji wifi kelas coba uji rumah,0,netral
oh my god baca sekolah offlinesampe pat joblo,0,netral
puan syukur indonesia pasuk fase endemi covid kondisi anakanak ajar tatap muka ptm sekolah tenang kader partai demokrasi indonesia juang puan,1,positif
pas sekolah offline minum kopi pas daring jarang minum kopi gampang sakit minum kopi minum kopi perut panas,0,netral
organisasi siswa intrasekolah santai banget divisi ku by the way divisi akademik giat angkat ku hanya sekolah daring offline langsung lengser,0,netral
jual sekolah abang jarang sekolah pandemic semenjak sekolah offline jual muncul,1,positif
tabe cari kakak offline anak sekolah sender lulus tolong rekomennya les makassar lancar,0,negatif
sekolah ngotak banget ganti bijak pat offline pergi essay tambah,-1,netral
puan syukur indonesia pasuk fase endemi covid kondisi anakanak ajar tatap muka ptm sekolah tenang puan peduli layan,1,positif
sesal ajar hidup harga sarah terima kasih hidup baik mama jual sarah sekolah offline paham materi bahagia mama juang hidup,1,positif
bocah uji semester offline alias uji sekolahbaik emak anak tekan biasa daring,-1,negatif
christyjkt senin jumat sekolah offline tinggal pat daring by the way good luck,1,positif
lupa kerja keras ajar sekolah cetak prestasi and prove your worth kayak full offline seru deh moga rubung orang moga kamu hasil tuju hidup kamu tuju kamu juang,1,positif
puan syukur indonesia pasuk fase endemi covid kondisi anakanak ajar tatap muka ptm sekolah tenang puan peduli orang cilik,1,positif
puan syukur indonesia pasuk fase endemi covid kondisi anakanak ajar tatap muka ptm sekolah tenang kader partai demokrasi indonesia juang puan,1,positif
yoyakarta asa kota ajar banget sekolah offline mwacetttt,1,positif
study twit sepi sekolah offline asa serame pas pandemi,0,netral
kuliah sekolah sem offline lihat send video tiktok context,0,negatif
jakarta ppkm level sekolah tatap muka,1,positif
kayak please nyaman sekolah offline ekonomi baik acara tunda gelar orangorang produktif ganggu corona,1,positif
seringgg pas sekolah offline bleaching warna masuk semir hitam now watching sekolah warnain golden brown bleaching,1,positif
pagi adik sulit christyjkt bangun sekolah offline siang semangat inijangan lupa makanminum air bening vitamin syukur doa lancar bahagia monday have a nice day,1,positif
sekolah kuliah kerja daring offline tatap muka moga normal,1,positif
offline kuliah sekolah kerja please pakai masker jaga sehat hepatitis akut,-1,negatif
allah sekolah offline tidur,-1,negatif
saya sekolah offline pandemi jarang banget mandi pagi mandi magrib pagi sikat gigi cuci muka,0,netral
siang lambat army aktivitas real life kayak kuliah masamasanya uji semester sekolah kerja masuk new normal aktivitas serba offline beda kayak pas dynamite orang butter stay rumah sambi,1,positif
did have more fun me and i was like dgsjdjsj oltlt i answered i had lots of fun just like and she hugged me dhshsj aaaaaaaaaaa bocah cilik benar guru tk sekolah dasar malas sekolah wkwk besok offline pas mama if only saya bolos oltlt,-1,negatif
orang sekolah offline aplikasi ajar turun guna,1,netral
sekolah offline anak bahagia les aji les ajar cari informasi pindah domisili step by step alhamdulillah mental anak bahagia suami bahagia,1,positif
mut semenjak adik magang sekolah offline jarang banget tonton netflix,0,netral
kelas kakak perempuan sekolah murid merdeka kelas daring offline bebas kelas tugas,0,netral
besok sekolah offline wml,1,positif
aaaa sekolah offline,-1,negatif
menteri sehat konfirmasi hepatitis akut misterius anakanak iring laku ajar tatap muka sekolah orang tua waspada,-1,negatif
tuhan anak sekolah uji offline,1,positif
christyjkt pagi christy bangun semangat sekolah offline giat lupa sarap have a nice day gbu,1,positif
cilor suka stm cvd pas cvd mamang pindah mana sekolah offline,0,netral
saya sekolah offline kayak biasa daring adaptasi orang suasana kayak gelisah banget senang banget offline saya saya biasa,1,positif
kemarin pas us offline sekolah mati lowbat saya kaget asa pakai,0,netral
sekolah daring full offline,0,netral
puan syukur indonesia pasuk fase endemi covidrr kondisi anakanak ajar tatap muka ptm sekolah tenang kader partai demokrasi indonesia juang puan,1,positif
alhamdulillah sekolah bestie sekolah dasar kenal kakel organisasi luardalam sekolah kembang daring class sesi offline classdan circle super baiktapi part gaenaknya,0,netral
wkwk rewel banget lulur gara gara badan keling semenjak sekolah offline,-1,negatif
hlo pm bludak kirab iya jathilan iya ono sekolah tatap muka iya uwes wisata iya ramai pokok sing ramai ini uwes geri bal balane ayo ayo,1,positif
ketemu orang seru refreshing sekolah offline draining pas sekolah daring jenuh ketemu orang,1,positif
sekolah uji offline sekolah ku uji daring,0,netral
gubernur jawa timur sekolah temu tatap muka ptm tonton tanding olahraga persen vaksin penuh,1,positif
besok saya ulang sekolah anjjr offline aduh,-1,negatif
ih saya sekolah offline gelang allobank saya copot minggu,0,netral
sekolah daring offline,0,netral
buset ribet kayak sekolah offline,0,netral
sekolah tengah juru cari informasi freelance keponakan kasihan sekolah tatap muka kasih uang jajan orang tua,-1,negatif
christyjkt waahhh asikk sekolah offline normal gudluckk kristii,1,positif
kamu tinggal minggu kuliah offline tinggal minggu kuliah offline jumat koo teman jumat gaya sekolah pakai training kampus ganti baju dekat sekali,0,netral
transisi sekolah daring sekolah offline,0,netral
murid giat ajar ajar tahun pas tatap muka tahap hadir seragam komunikasi arah guru wali murid siswa kondisi sekolah bantu,0,netral
puan syukur indonesia pasuk fase endemi covid kondisi anakanak ajar tatap muka ptm sekolah tenang kader partai demokrasi indonesia juang puan,1,positif
fightingg by the way pulang jam sekolah offline,0,netral
anakanak ajar tatap muka sekolah tenang ringan beban anak orang tua jalan ajar jarak ajar jarak jauh puan solusi bangsa,1,positif
asheljkt sekolah offline habis uji,1,positif
terima sekolah pkknya offline pakai handphone sekolah saya pakai kertas moga,-1,negatif
kabarnyaa pas offline anak jemput guru buku pulang antar gadiginiin anak sekolah gila salut banget jarang guru jaman benerbener perhati masyaallah,1,positif
nyatet weh kelas kayak rajin nyatet semenjak pandemi jarang banget pas kelas catat pas sekolah offline,-1,negatif
anakanak adik sekolah offline tolong diberitau lupa pakai masker,1,positif
halo sekolah kuliah offline daring,0,netral
allah sekolah offline,1,positif
puan syukur indonesia pasuk fase endemi covid kondisi anakanak ajar tatap muka ptm sekolah tenang puan peduli tani,1,positif
usaha nder album rl army beda masuk sekolah offline semangat streaming,0,positif
jaman offline joki tugas ramai bingung banget anggur agustus kuliah pasu lulus alias sekolah,0,netral
sapa sekolahkerja offline anya yuri tugas selamat dunia satu dunia kakak tonton spyxfamily ott sayang bstationcpsushirollnetflixiqiyividioviuwetvdisney famili,0,netral
puan syukur indonesia pasuk fase endemi covid kondisi anakanak ajar tatap muka ptm sekolah tenang kader partai demokrasi indonesia juang puan,1,positif
offline sekolah by the way,0,netral
adik anak kerabat sekolah rencana les daring offline kabar teman teman tawar tarik,0,netral
banget kuliahsekolah daring kemarin kali kuliah offline badan caaapeeekkkkk banget sobat,-1,negatif
tatap muka sekolah kawan kawan,1,positif
saya heran sekolah offline asa banget gilir sekolah daring cepat kayak kemarin,0,netral
kaum lgbt langgar susila salat sembahyang gereja makan sekolah iya pornoaksi pornografi jaja onlineoffline,0,netral
nikennn pas daring zoom ngabisin gb tambah tugas tugas wajar contoh kayak tonton yt gb offline pakai wifi sekolah,1,positif
sekolah dunia pat ajar daring uji offline,0,netral
maksud streamnya tanggal indonesia barat sekolahkuliahkerja offline tonton nderr,1,positif
puan syukur indonesia pasuk fase endemi covid kondisi anakanak ajar tatap muka ptm sekolah tenang puan peduli orang cilik,1,positif
kangen sekolah uang jajan tabung uang jajan kuliah makan laundry offline wkwk,1,positif
pagi adik sulit christyjkt sekolah offline kah daring semangat lupa makan minum air bening vitamin syukur doa lancar apa kerja have a nice day,0,netral
ajar selagi offline sekolah daring saya erti apaapa,1,positif
mpls offline gampang gerbang sekolah lebih baik pagi sksd tebal muka malu lumayan relasi beda kelas pas baris mpls ajak kenal kanankiridepanbelakang,1,positif
ooooo zoom kah sekolah offline,0,netral
barang glama pas offline sekolah daring teman saya allah banget saya saya gasudi kenal teman kirim teman super saya ngenang,1,positif
lelah sekolah tatap muka,-1,positif
b daring ketemu sekolah kelas pas offline lulus sepupu pas b rumah samping,0,netral
sekolah offline daring,0,netral
puan syukur indonesia pasuk fase endemi covid kondisi anakanak ajar tatap muka ptm sekolah tenang puan pm,1,positif
puan syukur indonesia pasuk fase endemi covid kondisi anakanak ajar tatap muka ptm sekolah tenang puan peduli orang cilik,1,positif
anak sekolah offline jalan chaos,-1,negatif
sekolah offline kangen daring class,-1,negatif
rasa sekolah offline alias daring virtual by the way pacar virtual kabar stuck on progress kisah henti kasih dara yuk request kirim salam,1,positif
sekolah ukknya offline pas sekolah ptmt wkwk kocak,0,netral
sekolah offline rasa kali capek pandemi,-1,negatif
sekolah ransel beli inimah offline,0,netral
saya sekolah offline saya hitam banget gila,-1,negatif
please ayo saya sekolah rasa pensi offline sekolah sumpah babuin deh,1,positif
besok sekolah keinanti siang gaoffline daring sekolah,0,netral
mutual saya jabodetabek ajak meet up malu ketemu orang saya mutual doang ketemu offline wkwk teman sekolah meet offline bareng,0,netral
harap sekolah tatap muka eh masuk sakit sedihsedihsedih,1,positif
hai teman teman sekolah offline tugas banget tawar jasa joki tugas tawar pilih joki ringan tugas temanteman banget sila kunjung website,-1,negatif
isya menang melulu allah besok sekolah offline takut mata sembab plss,-1,negatif
saya rumah luang barusan jemput bungsu sekolah minggu jadwal tatap muka jalan pulang bungsu cerita teman pacar ampdia ungkap cowok surat pemberitahuan tahun pilih pacarsuami fokus sekolah,1,positif
wih sekolah minggu sekolah offline,1,positif
puan syukur indonesia pasuk fase endemi covid kondisi anakanak ajar tatap muka ptm sekolah tenang puan pm,1,positif
christyjkt pagi christoy semangat sekolah offline,1,positif
piatu bapak penjara covid sekolah gara gara handphone batas biaya gilir masuk sekolah offline usir guru nada enak rundung tementemennya coba orang susah didik,0,negatif
sekolah offline tahun pas kelas pas kelas huffft,0,netral
pikir pikir januari senang sekolah offline februari menang gara gara pilih jurus snm maret menang salah jurus neng terima snm april menang banget urus berkas bolak sekolah,1,negatif
nder sok superior saya lebih baik fokus sekolah cari duit titip jual kantin dikerjain offline banyak freelance butuh kartu tanda duduk kena tipu freelance bebas nder semangat nder,0,netral
rekomendadi backpack sekolahkuliah tatap muka kerja berangkat kantor tunjang aktivitas baru simak rekomendasi backpack letsgo,0,netral
daerah istimewa yogyakarta diy menghimbau ajar jalan ajar tatap muka ptm sekolah pakai masker,1,positif
jujur sistem wa notifikasi last seen daring offline etik tekan mati kerja sekolah takut enak mati line semuanha serba wa,0,netral
puan syukur indonesia pasuk fase endemi covid kondisi anakanak ajar tatap muka ptm sekolah tenang kader partai demokrasi indonesia juang puan,1,positif
full offline sore berani minggu uji sekolah pakai handphone,1,positif
saya jawa tepat yoyakarta mudik pulang kampung pas matahari panas lampung matahari lampung benar belang banget saya pakai jilbab sekolah offline sekolah muka saya kena matahari,1,positif
murid kali orang belabelain belikan pakai duit bulan anak kostan alhamdulillah sekolah offline tidak perlu daring allah syukur banget banget banget,1,positif
puan syukur indonesia pasuk fase endemi covid kondisi anakanak ajar tatap muka ptm sekolah tenang puan peduli layan,1,positif
lihat mootsku sekolah offline kangen masamasa sekolah,1,positif
christyjkt pagi semangat sekolah offline sekarangg,1,positif
maaf ngehype kayak jujur hectic banget sekolah offline pulang sore tugas mana ulang ceria seko jujur uras tenaga banget pulang sekolah capek banget,-1,negatif
halo moots hra rest sekolah offline ehhehehhehe buyer direct message balas okayay,0,netral
beban tugas ulang offline pulang sekolah capek,-1,negatif
sekolah kota madiun buka ppdb offline,0,netral
banget prenly suka curhat crush rl peka suka ramein lini suka galau sibuk tugas suka sekolah offline jamet terlalubestie pirtual saya kangen banget oi direct message an ayo rusuh direct message saya,-1,negatif
malam moots izin rest sekolah offline sibuk kangen love,-1,negatif
puan syukur indonesia pasuk fase endemi covid kondisi anakanak ajar tatap muka ptm sekolah tenang kader partai demokrasi indonesia juang puan,1,positif
maaf jarang baru sekolah offline fullday capek malemnya nugas pas sekolah au baru ucap terima kasih sabar tunggu baru,-1,negatif
pusing banget pikir pat offline sekolah kadang free class kadang materi masuk otak,-1,negatif
kesan saya b saya puas rasa sekolah offline,0,netral
puan syukur indonesia pasuk fase endemi covid kondisi anakanak ajar tatap muka ptm sekolah tenang puan pm,1,positif
puan syukur indonesia pasuk fase endemi covid kondisi anakanak ajar tatap muka ptm sekolah tenang puan peduli layan,1,positif
offline sekolah,0,positif
hai bangunn sekolahaku minggu uji naik kelas wehada giat hari mangats giat mangats besok uji susul uji tatap muka weh semangat christyjkt,1,positif
sebentar sender sekolah tatap muka ihiyy tataptatapan kyaaa,1,positif
bayang kuliah sekolah offline pas absen bunyi absen teman teman ilham ragil kurniawan konto lodon bocah cilik mati,1,positif
parah negeri landa pandemi covid surat pertanggungjawaban dana bos sekolah lengkap ajar normal tatap muka sekolah libur bingung kerja inspektorat auditor,0,negatif
besok sekolah offline daring,0,netral
sekolah offline,1,positif
christyjkt semangat nona seru sekolah offline,1,positif
saran daring pakai mipy offline go kali offline guru ajar langsung bingung langsung jadwal offline capek tenaga alias butuh tenaga esxtra pulang sekolah les,0,netral
pas kelas posisi suka orang peduli pas kelas ajar jarak jauh peduli pas masuk semester sekolah offline suka suka attitude bahasa krama buagusss banget sopan cont,1,positif
daring guru offline offline sekolah,1,positif
pikir pikir kenal korea pop level puncak level halu down turun level sibuk sekolah offline level lewat,-1,negatif
teman teman kejar paket faktor kejar paket tinggal pindah kejar paket sekolah pindah kejar paket ajar onlineoffline kayak sekolah tia,0,netral
iri banget graduation offlineeee sekolah seru banget gradu daring zoom sekolah offline,1,positif
sekolah mangkat kuliah makul offline kerja work from office semester seng accord judul skripsi skripsine jek ono seng revisi sempro pernahe rodo nelongso,1,positif
mashiho yedam proposal organisasi siswa intrasekolah accord dekat sekali banget sekolah saya pat offline ptm minggu kucing saya kayak reog saya duit,-1,netral
ih blok offline malas sekolah,-1,negatif
sekolah offline pagi teman bang duduk kalem naro kunci motor tas langsung pergi jajan anak kelas jual suruh kesana,0,netral
puan syukur indonesia pasuk fase endemi covid kondisi anakanak ajar tatap muka ptm sekolah tenang kader partai demokrasi indonesia juang puan,1,positif
puan syukur indonesia pasuk fase endemi covid kondisi anakanak ajar tatap muka ptm sekolah tenang kader partai demokrasi indonesia juang puan,1,positif
bring my niece to last week giat cant believe budak nak habis sekolah menang oke kaklong nak kawin lewls lepas offline concert ibu confirm bising tertawa,0,netral
crush jaman tatap muka banget anak agama anak ilmu tahu alam dinding halang bestieee berangkat sekolah lewat kelas pagi lihat berangkat sekolah kayak allah surga duniaaaa wkwk,1,positif
sekolahsekolah universitasuniversitas boleh ajar tatap muka laksana ajar tatap muka,1,positif
puan syukur indonesia pasuk fase endemi covid kondisi anakanak ajar tatap muka ptm sekolah tenang puan pm,1,positif
outfit of the day sekolah offline jaket varsity sekolah kece habis,1,netral
anak saya sekolah islam bahagia pas ajar jarak jauh tertawa guru pas ajar jarak jauh pakai headset pakai speaker pas sekolah offline senang dia hafal alquran alhamdulillah bahagia salah pilih sekolah kali situ mah,1,positif
hai teman maaf jarang aktif akun sekolah ku offline sulit banget baru baca,-1,negatif
kangen sekolah offline,1,positif
overprotektif anak rumah kumpul lebih baik keluarga bentuk fasisme keluarga anak saudara diizinin orang tua sekolah offline bawa pergi kumpul keluarga,0,netral
not my school paksa offline kena covid lucu banget anjing saya kena gara saya paksa mana sekolah,-1,negatif
puan syukur indonesia pasuk fase endemi covid kondisi anakanak ajar tatap muka ptm sekolah tenang kader partai demokrasi indonesia juang puan,1,positif
pas janji mal mal pas habis saya potong rambut kirim f potong rambut eh tau pas sekolah offline f banget f masuk grup chat saya balas,0,netral
konser fiersa sekolah offline bangun ekskul bareng menang lomba bring my back,1,positif
cikarang kabupaten bekas kak sekolah offline sekolah ku doang huhu,1,positif
sekolah jajan sekolah offline enak,0,positif
sekolah offline haruto tukar saya banget,1,positif
adik sekolah offline handphone ku pakai streaming,1,positif
valley pipis xiao saya jaman sekolah daring offline saya goblet anemo substats cdmg crate atk susah,0,netral
kerja sekolah kuliah offline please pakai masker teman jaga sehat hindar sakit hepatitis akut stay aman everyone,-1,negatif
hayyy selamat siang sekolah tatap muka,0,netral
jumat kakak sekolah offline pulskol cerita guru mr x banget kemarin salah parent wa saya cerita mr x pas mr x keliling kelas temu murid buku materi penuh coret pas mr x baca suruh murid baca tulis,-1,negatif
capek sekolah pulang nenek keluh melulu cepat lancong rumah minimal diklatnya offline kayak,-1,negatif
saying good bye offline school minggu beda jalan ramai anakanak berangkat pulang sekolah mari cosplay intel alias ajar strategi jaga aman anak sekolah,0,netral
jujur irie pas sekolah situ pisah offline pamer adkel ku keren banget mentemen,0,netral
bayang sekolah sekolah iseng main mal sekolah tonton pas offline sekolah pulang tidur,-1,negatif
jujur pas sekolah teman saya ingat kelas kelas offline saya nugas berangkat,0,netral
saya banget efek tatap muka deh sekolah degdegan sekul,-1,negatif
saya alamin saya sesal alam sekolah seru saya offline pandemi seru inti,1,positif
pas corona tidur jelek gara gara sekolah daring sekolah offline bangun pagi tidur jam jam sedih banget hancur,0,netral
asli sbt sepi banget sekolah offline,0,netral
semangat sekolah offline,1,positif
puan syukur indonesia pasuk fase endemi covid kondisi anakanak ajar tatap muka ptm sekolah tenang kader partai demokrasi indonesia juang puan,1,positif
kawan kelas rasa vibes sekolah full offline,1,positif
ptm tatap muka struggle sekolah daring susah kayak ajar jelas guru paham daring offline enak interaksi langsung guru bebas bolakbalik,1,positif
oiyaaa sekolah offlinedaring,0,netral
puan syukur indonesia pasuk fase endemi covid kondisi anakanak ajar tatap muka sekolah tenang puan solusi bangsa,1,positif
puan syukur indonesia pasuk fase endemi covid kondisi anakanak ajar tatap muka ptm sekolah tenang puan peduli orang cilik,1,positif
puan syukur indonesia pasuk fase endemi covid kondisi anakanak ajar tatap muka ptm sekolah tenang puan peduli orang cilik,1,positif
pas sekolah dasar olimpiade ilmu tahu alam lomba tari sekolah aktif pramuka musabaqah tilawatil quran camat pas mayoret pinru pramuka lomba nyanyi tari tilawah futsal cewek sekolah habis offline covid langgan guru buku bolos mata ajar,0,netral
tahu daftar mandiri onlineoffline kasih akun ppdb sekolah daftar,0,netral
manusia erti sekolah lamar pas offline kayak banayk banget memori lovyou oll tunggu undang mas nabi,1,positif
pas bolak kamar mandi perut saya sakit banget saya paksa ulangantrus pas blenger banget beda banget guru pas sekolah offline pencet langsung kabur kamar mandi pas lihat hasil tryt saya,0,netral
saya senang banget sibuk sekolah offline kerkom jajan main,1,positif
ih kangen banget kayak sibuk aktif sekolah offline,-1,negatif
puan syukur indonesia pasuk fase endemi covid kondisi anakanak ajar tatap muka ptm sekolah tenang kader partai demokrasi indonesia juang puan,1,positif
bginiandibolehkan sekolah tatap muka gelut kayak ginipengecut gelut lawan daya injak teman banyakklo sndrian lawan kayak,-1,negatif
min bantu jual tiket im day vip harga sesuai web rupiah tiket jual kabar ajar sekolah ku suruh masuk offline cari tiket direct message terima kasih,0,netral
bu puan syukur indonesia pasuk fase endemi covid kondisi anakanak ajar tatap muka ptm sekolah tenang,1,positif
christyjkt pagi semangat sekolah offline,1,positif
senin masuk selasa masuk sakit rabu libur kamis sekolah daring jumat masuk offline senin jumat uji naik kelas,0,netral
sekolah tertawa hihi besok pat offline,0,netral
terima kasih sekolah tengah juru teman teman kelaskalian partner ajar baik sekolahwalaupun sekolah offline tahun overall senang banget sihsemoga ketemu baik loff all,1,netral
gueee sekolah offline tugas sekolah full,-1,negatif
puan syukur indonesia pasuk fase endemi covid kondisi anakanak ajar tatap muka ptm sekolah tenang puan pm,1,positif
kuota saya sisa gin jam sayang buang banget saya rumah pakai wifi data seluler dinyalain butuh kuota pas sekolah offline,1,positif
disdik jamin ppdb offline wilayah remote area sulawesi selatan jalan profesional dinas didik disdik provinsi sulawesi selatan benar sekolah sulawesi selatan,0,netral
bagus pulang kira malam semangats ajar detoyy christyjkt weh sekolah offline tugas video doa moga besok ledak otak soalny besok mata ajar matematika b ing b ing,0,netral
rumah anggap buruk mental biasa buru buru kekantorkepabriksekolah lambat budaya rumah maklum fisik offline uang tambah uang tambah,1,netral
ciiiee sekolah offline christyjkt semangat today,1,positif
latih daring teman sekolah tatap muka kerja rumah tugas apalan pianika teman vidcall nugas bareng,1,netral
anakanak sekolah kuliah bodoh offline tatap muka sosialisasi praktikum bohong sales vaksin kejar insentif vaksin,1,positif
iya sepi banget sekolah offline,-1,negatif
a kencang konsumen atk sekolah kantor mbak butuh pulpen buku tulis fotokopi wfo uji offline,1,positif
handphone saya sakit allah besok saya pat offline sekolah pakai handphone,-1,negatif
by the way beli tas ajar sekolah offline rekomendasi indah,1,positif
anak sekolah tatap muka tarik beda anak anak aliyah sekolah tarik coba,1,positif
lebih by the way sekolah kecuali murid masuk tatap muka disekolahsoalnya daerah heran sekolah ecek kondisi anak ajar,0,netral
puan syukur indonesia pasuk fase endemi covid kondisi anakanak ajar tatap muka ptm sekolah tenang puan peduli orang cilik,1,positif
kartu uji harus cetak kartu uji bawa sekolah uji tatap muka skip cetak kartu uji bawa uji,0,netral
puan syukur indonesia pasuk fase endemi covid kondisi anakanak ajar tatap muka ptm sekolah tenang kader partai demokrasi indonesia juang puan,1,positif
ppkm level disdikpora diy izin sekolah durasi jam ajar tatap muka,1,positif
sekolah offline nder kemarin sekolah offline,1,positif
puan syukur indonesia pasuk fase endemi covid kondisi anakanak ajar tatap muka ptm sekolah tenang puan peduli tani,1,positif
puan syukur indonesia pasuk fase endemi covid kondisi anakanak ajar tatap muka ptm sekolah tenang puan peduli orang cilik,1,positif
sekolah kantor offline xl fiber tani,0,netral
uji semester offline enak daring malas sekolah etdah,-1,negatif
tingkat sekolah kabupaten bandung barat jawa barat laksana ajar tatap muka ptm persen pekan putus iring turun covid,1,positif
wajar edtech goyang sekolah enak tatap muka anakanak alam sosialisasi ganti,1,positif
menang banget sekolah offline ibuk belikan sepatu bismillah bunaa moga rezeki huhu sehat lancar rezekinyaa bunaa luv,-1,negatif
sekolah offline potensi drop anjing makan mie hari x jajan sembarang nugas pagi pagi minggu pat materi tanggungtanggung,-1,negatif
offline sekolah offline gradu,1,positif
pas rumah sekolah offline buka pas pulangitupun sebentar weekday coba sibuk sentuh rumput nder,0,netral
plshhh oi saya hari dengar glitch mode besok sekolah offline eh teman saya rusak dengar saya kayak,-1,negatif
orang lupa turun gara gara kali uji rumah saya jujur teman teman saya cari google nilai drastis sedangkannilai saya kayak pas uji offline sekolah,0,netral
puan syukur indonesia pasuk fase endemi covid kondisi anakanak ajar tatap muka ptm sekolah tenang puan peduli tani,1,positif
puan syukur indonesia pasuk fase endemi covid kondisi anakanak ajar tatap muka ptm sekolah tenang kader partai demokrasi indonesia juang puan,1,positif
oh banget ngandelin bimbel daring murahzenius pahamify bantu tryout materi gituuuu saran bimbel offline simpul les bagi wajib materi sekolah ajar minimal bimbel daring,0,netral
tes dipilihin tempat nder kampus sekolah tes offline,0,netral
sekolah offline enak jual sekolah nder siga saya bareto jaman sakola bari jual goreng sapoe beresih meunang nepi kakak ke lumayan jang jajan,1,positif
iya terima kasih riee hoalah enak daring rindu sekolah offline capek iya besok jepit libur,-1,negatif
puan syukur indonesia pasuk fase endemi covid kondisi anakanak ajar tatap muka ptm sekolah tenang puan peduli orang cilik,1,positif
mandu artku belanja bahan sekolah offline bangun siang tidur malam bangun pagi,0,netral
moga terima sekolah pilih,0,netral
cant agree more saya jebol negeri seleksi masuk guru negeri matdas latih boroboro materi sekolah seleksi masuk guru negeri subscribe zenius bimbel offline to matdas konsisten,0,netral
halo kakak sekolah ada pensi offline tanggal juni gs tulus kak minat direct message kak,1,positif
hai moots maaf banget jarang updateee sekolah offline soalnyaaa jarang buka twitter,-1,negatif
offline oke handphone teman liat lihat wa teman banget sekolah offline ulang pakai handphone,-1,negatif
kondisi anakanak ajar tatap muka sekolah tenang puan solusi bangsa,1,positif
alhamdulillah sekolah anak laku ptm alias ajar tatap muka,1,positif
saya lupa banget sekolah offline and genuinely shocked lihat mana kayak kamu sekolah masuk offline kamu jam gin pulang kamu cafe isi anak sekolah saya wgwgwg,0,netral
believe it orang not bm bakpao hijau gara gara sekolah daring offline eh jual kayak jajan wajib kantin sekolah,0,netral
kangen banget apa mandi dress upmake uptipis tipisparfume botol sekolah hiks hiks pas kuliah offline oh no saya takut,-1,negatif
besok isi borang baca kayak sekolah ajar baca baca offline daring indonesia bisa isi borang kayak salah banget by the way soodam cantik banget number,0,netral
puan syukur indonesia pasuk fase endemi covid kondisi anakanak ajar tatap muka ptm sekolah tenang kader partai demokrasi indonesia juang puan,1,positif
covid landai sekolah ajar tatap muka,1,positif
offline udahann kerja kerja guru kantin sekolah,-1,negatif
jujur hutang puasa ku anjing besok sekolah offline kagok gas besok uji iman lihat jajan sekolah,0,netral
fyp sliweran sekolah sekolah giat offline kayak classmeet senang iri,1,positif
saya sekolah offline ongkos keluh bingung banget bayar anjing tertawa ayo ayo wto wto album bloom,-1,negatif
bayang kelas bego eh kelas bego matematika gara guru tambah murid malas mencary jelas yt sekolah offline anjing,-1,negatif
sekolah daring pengumuaman uji offline seram,-1,negatif
minggu offline saya ngebiasain interact anakanak sekolah saya anak kelas saya obrol cowok ruang pat,1,positif
puan syukur indonesia pasuk fase endemi covid kondisi anakanak ajar tatap muka ptm sekolah tenang puan peduli orang cilik,1,positif
puan syukur indonesia pasuk fase endemi covid kondisi anakanak ajar tatap muka ptm sekolah tenang puan peduli orang cilik,1,positif
sekolah full offline parkir disebelahju ketemu dia senyum,1,positif
puan syukur indonesia pasuk fase endemi covid kondisi anakanak ajar tatap muka ptm sekolah tenang puan peduli layan,1,positif
atur tempat toba sekolah lokasi asing nostalgia sekolah semester offline,0,netral
oknum kayak makan ajar bimbel banding sekolah platform ajar onlineoffline ramai banget salah satu kasihan gamampu les peer to peer nyampeinnya salah tangkap,0,netral
geming efek sekolah offline,0,netral
sekolah full offline,0,positif
wenny ariani sebut anak ikut ajar tatap muka ptm kasus simak video,-1,negatif
banget sekolah offline,-1,positif
puan syukur indonesia pasuk fase endemi coggvid kondisi anakanak ajar tatap muka ptm sekolah tenang kader partai demokrasi indonesia juang puan,1,positif
sekolah offline seru,1,positif
